graph,nodes,max_degree,steps,perturbation,eta,delta,beta,beta_multiplier,certified,max_state_error,max_ic_error,ic_bound,max_local_state_jacobian_norm,conditional_jacobian_bound
path8,8,2,64,adversarial,0.0,0.001,6.948445451356693,0.5,False,0.3375724046788987,0.18054292002857242,0.2196796338672769,4.255247667609667,0.020824491017716006
path8,8,2,64,adversarial,0.0,0.001,13.896890902713386,1.0,True,0.0009999945105073481,0.0018385426963853924,0.2196796338672769,0.04164875363251056,0.04164898203543201
path8,8,2,64,adversarial,0.0,0.001,20.845336354070078,1.5,True,2.980500884781967e-05,5.5328307879687344e-05,0.2196796338672769,0.0018638307502587426,0.062473473053148015
path8,8,2,64,equivariant_residual,0.0,0.001,6.948445451356693,0.5,False,0.3375724046788987,0.18054292002857242,0.2196796338672769,4.255247667609667,0.020824491017716006
path8,8,2,64,equivariant_residual,0.0,0.001,13.896890902713386,1.0,True,0.0009999945105073481,0.0018385426963853924,0.2196796338672769,0.04164875363251056,0.04164898203543201
path8,8,2,64,equivariant_residual,0.0,0.001,20.845336354070078,1.5,True,2.980500884781967e-05,5.5328307879687344e-05,0.2196796338672769,0.0018638307502587426,0.062473473053148015
path8,8,2,64,adversarial,0.1,0.001,8.69868360031304,0.5,False,0.9999904417452876,0.5003824964957113,0.2196796338672769,6.5239727640692795,0.02606995475013818
path8,8,2,64,adversarial,0.1,0.001,17.39736720062608,1.0,True,0.0009999878807983482,0.0018336118243866828,0.2196796338672769,0.052139278238717966,0.05213990950027636
path8,8,2,64,adversarial,0.1,0.001,26.096050800939118,1.5,True,2.9351944442155762e-05,5.448178321065811e-05,0.2196796338672769,0.0022978420516945467,0.07820986425041454
path8,8,2,64,equivariant_residual,0.1,0.001,8.69868360031304,0.5,False,0.022239790184089232,0.035228009104737,0.2196796338672769,0.5958068042456603,0.027373452487645087
path8,8,2,64,equivariant_residual,0.1,0.001,17.39736720062608,1.0,True,0.00016832269829630052,0.0003309341033745916,0.2196796338672769,0.009222818440914587,0.054746904975290174
path8,8,2,64,equivariant_residual,0.1,0.001,26.096050800939118,1.5,True,2.1547185809827284e-06,4.2802489184090575e-06,0.2196796338672769,0.00017712300183468248,0.08212035746293526
path8,8,2,64,adversarial,0.3,0.001,17.529834463575007,0.5,False,1.0,1.2063218492944303,0.2196796338672769,8.764244565362585,0.052536913887334294
path8,8,2,64,adversarial,0.3,0.001,35.059668927150014,1.0,True,0.0009998473462850125,0.0018071441771780883,0.2196796338672769,0.10505780391802597,0.10507382777466859
path8,8,2,64,adversarial,0.3,0.001,52.58950339072502,1.5,True,2.716333897640687e-05,5.0396102397431974e-05,0.2196796338672769,0.004285403112590031,0.1576107416620029
path8,8,2,64,equivariant_residual,0.3,0.001,17.529834463575007,0.5,False,0.0001575851780314541,0.00031442054851504864,0.2196796338672769,0.009528923269378044,0.060417450970434446
path8,8,2,64,equivariant_residual,0.3,0.001,35.059668927150014,1.0,True,2.4371984512755672e-08,4.874368642049376e-08,0.2196796338672769,2.947934221149193e-06,0.12083490194086889
path8,8,2,64,equivariant_residual,0.3,0.001,52.58950339072502,1.5,True,3.804845327692874e-12,7.609024521570973e-12,0.2196796338672769,6.903274956008893e-10,0.18125235291130334
barbell4,8,4,64,adversarial,0.0,0.001,6.976519978432882,0.5,False,0.06532053870446132,0.021462566640650715,0.2196796338672769,1.7037712710160122,0.03484771729227224
barbell4,8,4,64,adversarial,0.0,0.001,13.953039956865764,1.0,True,0.0009824625980731372,0.000650906366282733,0.2196796338672769,0.06500761350582818,0.06969543458454448
barbell4,8,4,64,adversarial,0.0,0.001,20.929559935298645,1.5,True,2.859093968813928e-05,2.035152205537294e-05,0.2196796338672769,0.00298475804957336,0.10454315187681673
barbell4,8,4,64,equivariant_residual,0.0,0.001,6.976519978432882,0.5,False,0.06532053870446132,0.021462566640650715,0.2196796338672769,1.7037712710160122,0.03484771729227224
barbell4,8,4,64,equivariant_residual,0.0,0.001,13.953039956865764,1.0,True,0.0009824625980731372,0.000650906366282733,0.2196796338672769,0.06500761350582818,0.06969543458454448
barbell4,8,4,64,equivariant_residual,0.0,0.001,20.929559935298645,1.5,True,2.859093968813928e-05,2.035152205537294e-05,0.2196796338672769,0.00298475804957336,0.10454315187681673
barbell4,8,4,64,adversarial,0.1,0.001,8.74272756790956,0.5,False,0.0780517403944327,0.029026607640112223,0.2196796338672769,2.5164950304109257,0.04366992420170825
barbell4,8,4,64,adversarial,0.1,0.001,17.48545513581912,1.0,True,0.0009769574608042755,0.0006361291019629789,0.2196796338672769,0.08004163787148548,0.0873398484034165
barbell4,8,4,64,adversarial,0.1,0.001,26.228182703728677,1.5,True,2.7858100417195948e-05,1.9814751746061177e-05,0.2196796338672769,0.003642604921347884,0.13100977260512475
barbell4,8,4,64,equivariant_residual,0.1,0.001,8.74272756790956,0.5,False,0.01948001481914697,0.006402077843517873,0.2196796338672769,0.6930032616614138,0.0449800219277595
barbell4,8,4,64,equivariant_residual,0.1,0.001,17.48545513581912,1.0,True,0.00016145109742458742,9.528116859369717e-05,0.2196796338672769,0.014369021659499421,0.089960043855519
barbell4,8,4,64,equivariant_residual,0.1,0.001,26.228182703728677,1.5,True,2.017051296565732e-06,1.1790258520605335e-06,0.2196796338672769,0.0002723931415071393,0.1349400657832785
barbell4,8,4,64,adversarial,0.3,0.001,17.70962763756039,0.5,False,0.17532508693271837,0.07362748009155351,0.2196796338672769,10.24227111254362,0.08845959004961415
barbell4,8,4,64,adversarial,0.3,0.001,35.41925527512078,1.0,True,0.0009433314533219204,0.0005678918081375439,0.2196796338672769,0.1482531625795321,0.1769191800992283
barbell4,8,4,64,adversarial,0.3,0.001,53.12888291268118,1.5,True,2.4406994180363637e-05,1.730364606689072e-05,0.2196796338672769,0.006450055660016195,0.2653787701488425
barbell4,8,4,64,equivariant_residual,0.3,0.001,17.70962763756039,0.5,False,0.0001442858181098799,8.116297616256318e-05,0.2196796338672769,0.013768455315170697,0.09642095315407943
barbell4,8,4,64,equivariant_residual,0.3,0.001,35.41925527512078,1.0,True,2.0361408891712503e-08,1.1635222563199932e-08,0.2196796338672769,3.930450675251236e-06,0.19284190630815887
barbell4,8,4,64,equivariant_residual,0.3,0.001,53.12888291268118,1.5,True,2.9054536554440347e-12,1.6564527527407336e-12,0.2196796338672769,8.412811135198324e-10,0.2892628594622383
path16,16,2,64,adversarial,0.0,0.001,6.948445451356693,0.5,False,0.9999999714358403,2.8356776444845657,0.205018686599039,5.207160649980151,0.020824491017716006
path16,16,2,64,adversarial,0.0,0.001,13.896890902713386,1.0,True,0.0009999999999918973,0.005853592836243315,0.205018686599039,0.041648982035094886,0.04164898203543201
path16,16,2,64,adversarial,0.0,0.001,20.845336354070078,1.5,True,2.9805008855310816e-05,0.00017673806009455006,0.205018686599039,0.0018638307507271813,0.062473473053148015
path16,16,2,64,equivariant_residual,0.0,0.001,6.948445451356693,0.5,False,0.9999999714358403,2.8356776444845657,0.205018686599039,5.207160649980151,0.020824491017716006
path16,16,2,64,equivariant_residual,0.0,0.001,13.896890902713386,1.0,True,0.0009999999999918973,0.005853592836243315,0.205018686599039,0.041648982035094886,0.04164898203543201
path16,16,2,64,equivariant_residual,0.0,0.001,20.845336354070078,1.5,True,2.9805008855310816e-05,0.00017673806009455006,0.205018686599039,0.0018638307507271813,0.062473473053148015
path16,16,2,64,adversarial,0.1,0.001,8.69868360031304,0.5,False,0.9999999998494277,3.720159931371213,0.205018686599039,6.5239727640692795,0.02606995475013818
path16,16,2,64,adversarial,0.1,0.001,17.39736720062608,1.0,True,0.0009999999999668729,0.005833155024902226,0.205018686599039,0.05213990949855084,0.05213990950027636
path16,16,2,64,adversarial,0.1,0.001,26.096050800939118,1.5,True,2.9351944456127435e-05,0.00017402737959493209,0.205018686599039,0.002297842052788299,0.07820986425041454
path16,16,2,64,equivariant_residual,0.1,0.001,8.69868360031304,0.5,False,0.024703335332398612,0.11262645708100649,0.205018686599039,0.6601281967441717,0.027373452487645087
path16,16,2,64,equivariant_residual,0.1,0.001,17.39736720062608,1.0,True,0.0001683227036880462,0.0010048063010881236,0.205018686599039,0.009222818736291934,0.054746904975290174
path16,16,2,64,equivariant_residual,0.1,0.001,26.096050800939118,1.5,True,2.154718580983115e-06,1.2914086088500198e-05,0.205018686599039,0.00017712300183471427,0.08212035746293526
path16,16,2,64,adversarial,0.3,0.001,17.529834463575007,0.5,False,1.0,4.883875091896041,0.205018686599039,8.764244565362585,0.052536913887334294
path16,16,2,64,adversarial,0.3,0.001,35.059668927150014,1.0,True,0.0009999999962885487,0.005727717772833429,0.205018686599039,0.10507382738508256,0.10507382777466859
path16,16,2,64,adversarial,0.3,0.001,52.58950339072502,1.5,True,2.7163339064328376e-05,0.00016094896883878107,0.205018686599039,0.004285403126460523,0.1576107416620029
path16,16,2,64,equivariant_residual,0.3,0.001,17.529834463575007,0.5,False,0.0001575851826085679,0.0009430511949348741,0.205018686599039,0.009528923546105041,0.060417450970434446
path16,16,2,64,equivariant_residual,0.3,0.001,35.059668927150014,1.0,True,2.4371984512755672e-08,1.462316729927693e-07,0.205018686599039,2.947934221149193e-06,0.12083490194086889
path16,16,2,64,equivariant_residual,0.3,0.001,52.58950339072502,1.5,True,3.804845327692874e-12,2.282796174313262e-11,0.205018686599039,6.903274956008893e-10,0.18125235291130334
path32,32,2,64,adversarial,0.0,0.001,6.948445451356693,0.5,False,0.9999999714358403,10.228321131791567,0.19839834668044434,5.207160649980151,0.020824491017716006
path32,32,2,64,adversarial,0.0,0.001,13.896890902713386,1.0,True,0.0010000000000000002,0.013773796013188289,0.19839834668044434,0.041648982035432026,0.04164898203543201
path32,32,2,64,adversarial,0.0,0.001,20.845336354070078,1.5,True,2.9805008855310816e-05,0.00041605231269414844,0.19839834668044434,0.0018638307507271813,0.062473473053148015
path32,32,2,64,equivariant_residual,0.0,0.001,6.948445451356693,0.5,False,0.9999999714358403,10.228321131791567,0.19839834668044434,5.207160649980151,0.020824491017716006
path32,32,2,64,equivariant_residual,0.0,0.001,13.896890902713386,1.0,True,0.0010000000000000002,0.013773796013188289,0.19839834668044434,0.041648982035432026,0.04164898203543201
path32,32,2,64,equivariant_residual,0.0,0.001,20.845336354070078,1.5,True,2.9805008855310816e-05,0.00041605231269414844,0.19839834668044434,0.0018638307507271813,0.062473473053148015
path32,32,2,64,adversarial,0.1,0.001,8.69868360031304,0.5,False,0.9999999998494277,11.367827808902216,0.19839834668044434,6.5239727640692795,0.02606995475013818
path32,32,2,64,adversarial,0.1,0.001,17.39736720062608,1.0,True,0.0009999999999999994,0.013724346620984207,0.19839834668044434,0.052139909500276325,0.05213990950027636
path32,32,2,64,adversarial,0.1,0.001,26.096050800939118,1.5,True,2.9351944456127435e-05,0.00040966910468576145,0.19839834668044434,0.002297842052788299,0.07820986425041454
path32,32,2,64,equivariant_residual,0.1,0.001,8.69868360031304,0.5,False,0.02494136831425096,0.29497059779928314,0.19839834668044434,0.6663251060241477,0.027373452487645087
path32,32,2,64,equivariant_residual,0.1,0.001,17.39736720062608,1.0,True,0.0001683227036880462,0.002348592303613728,0.19839834668044434,0.009222818736291934,0.054746904975290174
path32,32,2,64,equivariant_residual,0.1,0.001,26.096050800939118,1.5,True,2.154718580983115e-06,3.015784173143743e-05,0.19839834668044434,0.00017712300183471427,0.08212035746293526
path32,32,2,64,adversarial,0.3,0.001,17.529834463575007,0.5,False,1.0,12.738253980194404,0.19839834668044434,8.764244565362585,0.052536913887334294
path32,32,2,64,adversarial,0.3,0.001,35.059668927150014,1.0,True,0.0010000000000000002,0.013470934775575927,0.19839834668044434,0.10507382777466864,0.10507382777466859
path32,32,2,64,adversarial,0.3,0.001,52.58950339072502,1.5,True,2.7163339064328376e-05,0.00037887303090933244,0.19839834668044434,0.004285403126460523,0.1576107416620029
path32,32,2,64,equivariant_residual,0.3,0.001,17.529834463575007,0.5,False,0.0001575851826085679,0.0022002575129302926,0.19839834668044434,0.009528923546105041,0.060417450970434446
path32,32,2,64,equivariant_residual,0.3,0.001,35.059668927150014,1.0,True,2.4371984512755672e-08,3.412074409681054e-07,0.19839834668044434,2.947934221149193e-06,0.12083490194086889
path32,32,2,64,equivariant_residual,0.3,0.001,52.58950339072502,1.5,True,3.804845327692874e-12,5.327116525677411e-11,0.19839834668044434,6.903274956008893e-10,0.18125235291130334
barbell8,16,8,64,adversarial,0.0,0.001,7.033355171739871,0.5,False,0.13080469044798929,0.06043783080867038,0.205018686599039,6.3972485935533285,0.06323689634911317
barbell8,16,8,64,adversarial,0.0,0.001,14.066710343479741,1.0,True,0.0009729625182226721,0.0004945654131764954,0.205018686599039,0.11146075591169231,0.12647379269822634
barbell8,16,8,64,adversarial,0.0,0.001,21.10006551521961,1.5,True,2.630799024605889e-05,1.5667969622379374e-05,0.205018686599039,0.004973733968902472,0.1897106890473395
barbell8,16,8,64,equivariant_residual,0.0,0.001,7.033355171739871,0.5,False,0.13080469044798929,0.06043783080867038,0.205018686599039,6.3972485935533285,0.06323689634911317
barbell8,16,8,64,equivariant_residual,0.0,0.001,14.066710343479741,1.0,True,0.0009729625182226721,0.0004945654131764954,0.205018686599039,0.11146075591169231,0.12647379269822634
barbell8,16,8,64,equivariant_residual,0.0,0.001,21.10006551521961,1.5,True,2.630799024605889e-05,1.5667969622379374e-05,0.205018686599039,0.004973733968902472,0.1897106890473395
barbell8,16,8,64,adversarial,0.1,0.001,8.83216723612347,0.5,False,0.17846142793036895,0.0828518582913147,0.205018686599039,10.359280511862856,0.07941001561998612
barbell8,16,8,64,adversarial,0.1,0.001,17.66433447224694,1.0,True,0.000962347020240441,0.00047205447055320704,0.205018686599039,0.135862883964213,0.15882003123997224
barbell8,16,8,64,adversarial,0.1,0.001,26.49650170837041,1.5,True,2.5082579269860555e-05,1.4916409964094157e-05,0.205018686599039,0.005949707061997455,0.23823004685995836
barbell8,16,8,64,equivariant_residual,0.1,0.001,8.83216723612347,0.5,False,0.02773812869389618,0.011935679565650892,0.205018686599039,1.9412556987965308,0.08073351588031923
barbell8,16,8,64,equivariant_residual,0.1,0.001,17.66433447224694,1.0,True,0.00014903847046325567,7.85578904547446e-05,0.205018686599039,0.023584686527982294,0.16146703176063845
barbell8,16,8,64,equivariant_residual,0.1,0.001,26.49650170837041,1.5,True,1.7640966478563558e-06,9.509012899311386e-07,0.205018686599039,0.0004275292766814754,0.24220054764095766
barbell8,16,8,64,adversarial,0.3,0.001,18.08050989175014,0.5,False,0.542684550851682,0.2531482737029971,0.205018686599039,35.89748248314979,0.16256186443672552
barbell8,16,8,64,adversarial,0.3,0.001,36.16101978350028,1.0,True,0.0008901578830859629,0.00037713788464488474,0.205018686599039,0.2572829081091079,0.32512372887345103
barbell8,16,8,64,adversarial,0.3,0.001,54.24152967525042,1.5,True,1.9601761184147066e-05,1.1595583699453016e-05,0.205018686599039,0.009488512836344557,0.4876855933101765
barbell8,16,8,64,equivariant_residual,0.3,0.001,18.08050989175014,0.5,False,0.00012069219205576157,6.239647213246435e-05,0.205018686599039,0.020249144869312896,0.17068995765856176
barbell8,16,8,64,equivariant_residual,0.3,0.001,36.16101978350028,1.0,True,1.4051936631816262e-08,7.494357801007823e-09,0.205018686599039,4.801830114012613e-06,0.34137991531712353
barbell8,16,8,64,equivariant_residual,0.3,0.001,54.24152967525042,1.5,True,1.6657180289084752e-12,8.86846152070575e-13,0.205018686599039,8.538178366605042e-10,0.5120698729756853
barbell16,32,16,64,adversarial,0.0,0.001,7.149849667338047,0.5,False,0.38766469041749446,0.18752073788828638,0.19839834668044434,27.155790051134115,0.12142589690040205
barbell16,32,16,64,adversarial,0.0,0.001,14.299699334676093,1.0,True,0.000938404691596944,0.0003714044103528824,0.19839834668044434,0.21450100129168195,0.2428517938008041
barbell16,32,16,64,adversarial,0.0,0.001,21.44954900201414,1.5,True,2.2159397204606387e-05,1.1985521635615726e-05,0.19839834668044434,0.008019321005193156,0.36427769070120614
barbell16,32,16,64,equivariant_residual,0.0,0.001,7.149849667338047,0.5,False,0.38766469041749446,0.18752073788828638,0.19839834668044434,27.155790051134115,0.12142589690040205
barbell16,32,16,64,equivariant_residual,0.0,0.001,14.299699334676093,1.0,True,0.000938404691596944,0.0003714044103528824,0.19839834668044434,0.21450100129168195,0.2428517938008041
barbell16,32,16,64,equivariant_residual,0.0,0.001,21.44954900201414,1.5,True,2.2159397204606387e-05,1.1985521635615726e-05,0.19839834668044434,0.008019321005193156,0.36427769070120614
barbell16,32,16,64,adversarial,0.1,0.001,9.016651147060774,0.5,False,0.551218220559299,0.2666873637336471,0.19839834668044434,35.6881496104624,0.15312978643053313
barbell16,32,16,64,adversarial,0.1,0.001,18.033302294121548,1.0,True,0.0009102202046305118,0.00033942534758857335,0.19839834668044434,0.2623893679770345,0.30625957286106625
barbell16,32,16,64,adversarial,0.1,0.001,27.04995344118232,1.5,True,2.0169328637899655e-05,1.0887117468882934e-05,0.19839834668044434,0.009194748806251863,0.4593893592915994
barbell16,32,16,64,equivariant_residual,0.1,0.001,9.016651147060774,0.5,False,0.051098953223087565,0.02482712388356756,0.19839834668044434,7.060730669230799,0.15448093160492016
barbell16,32,16,64,equivariant_residual,0.1,0.001,18.033302294121548,1.0,True,0.00012572254820632312,6.148652790849418e-05,0.19839834668044434,0.03752771596667594,0.3089618632098403
barbell16,32,16,64,equivariant_residual,0.1,0.001,27.04995344118232,1.5,True,1.3379206269534493e-06,6.935100123062199e-07,0.19839834668044434,0.0006203070645157084,0.46344279481476053
barbell16,32,16,64,adversarial,0.3,0.001,18.870914695761073,0.5,False,0.9526391349690355,0.46095244901171983,0.19839834668044434,13.62263055541842,0.3204847442781103
barbell16,32,16,64,adversarial,0.3,0.001,37.741829391522145,1.0,True,0.0007237705110250476,0.00022314928687161562,0.19839834668044434,0.4367464371869214,0.6409694885562206
barbell16,32,16,64,adversarial,0.3,0.001,56.61274408728322,1.5,True,1.223018326105951e-05,6.573966226275374e-06,0.19839834668044434,0.011642122045968295,0.961454232834331
barbell16,32,16,64,equivariant_residual,0.3,0.001,18.870914695761073,0.5,False,8.183905320533468e-05,4.033222699617589e-05,0.19839834668044434,0.026287662780098208,0.32896816397958967
barbell16,32,16,64,equivariant_residual,0.3,0.001,37.741829391522145,1.0,True,6.374815137715067e-09,3.2902143232149683e-09,0.19839834668044434,4.198404247777361e-06,0.6579363279591793
barbell16,32,16,64,equivariant_residual,0.3,0.001,56.61274408728322,1.5,True,5.089777750979774e-13,2.6401103525586223e-13,0.19839834668044434,5.028152675704134e-10,0.9869044919387691
random_0.1_0,32,8,64,adversarial,0.0,0.001,7.033355171739871,0.5,False,1.0,0.09330912475899744,0.21209610604805304,11.617422045188857,0.06323689634911317
random_0.1_0,32,8,64,adversarial,0.0,0.001,14.066710343479741,1.0,True,0.0009925600772709077,0.0013834789944722203,0.21209610604805304,0.12553377234279645,0.12647379269822634
random_0.1_0,32,8,64,adversarial,0.0,0.001,21.10006551521961,1.5,True,2.6322888423407883e-05,3.938121772817382e-05,0.21209610604805304,0.004998600451487949,0.1897106890473395
random_0.1_0,32,8,64,equivariant_residual,0.0,0.001,7.033355171739871,0.5,False,1.0,0.09330912475899744,0.21209610604805304,11.617422045188857,0.06323689634911317
random_0.1_0,32,8,64,equivariant_residual,0.0,0.001,14.066710343479741,1.0,True,0.0009925600772709077,0.0013834789944722203,0.21209610604805304,0.12553377234279645,0.12647379269822634
random_0.1_0,32,8,64,equivariant_residual,0.0,0.001,21.10006551521961,1.5,True,2.6322888423407883e-05,3.938121772817382e-05,0.21209610604805304,0.004998600451487949,0.1897106890473395
random_0.1_0,32,8,64,adversarial,0.1,0.001,8.83216723612347,0.5,False,1.0,0.2246154340510076,0.21209610604805304,13.561071068059771,0.07941001561998612
random_0.1_0,32,8,64,adversarial,0.1,0.001,17.66433447224694,1.0,True,0.0009882248881019583,0.0013529580899906968,0.21209610604805304,0.1569517575531481,0.15882003123997224
random_0.1_0,32,8,64,adversarial,0.1,0.001,26.49650170837041,1.5,True,2.5099651666781662e-05,3.752888708685731e-05,0.21209610604805304,0.005985326436035982,0.23823004685995836
random_0.1_0,32,8,64,equivariant_residual,0.1,0.001,8.83216723612347,0.5,False,1.0,0.23841513920096657,0.21209610604805304,17.866294722507888,0.08073351588031923
random_0.1_0,32,8,64,equivariant_residual,0.1,0.001,17.66433447224694,1.0,True,0.0001494705796827442,0.00022511337528019482,0.21209610604805304,0.02415511852726297,0.16146703176063845
random_0.1_0,32,8,64,equivariant_residual,0.1,0.001,26.49650170837041,1.5,True,1.7641792563612662e-06,2.7019240884662565e-06,0.21209610604805304,0.0004277121403601725,0.24220054764095766
random_0.1_0,32,8,64,adversarial,0.3,0.001,18.08050989175014,0.5,False,1.0,0.40974939742468175,0.21209610604805304,36.732042711606965,0.16256186443672552
random_0.1_0,32,8,64,adversarial,0.3,0.001,36.16101978350028,1.0,True,0.0009501156112618854,0.0011953760988605566,0.21209610604805304,0.30892055536291874,0.32512372887345103
random_0.1_0,32,8,64,adversarial,0.3,0.001,54.24152967525042,1.5,True,1.9623406159004106e-05,2.927757267734421e-05,0.21209610604805304,0.009579444122516318,0.4876855933101765
random_0.1_0,32,8,64,equivariant_residual,0.3,0.001,18.08050989175014,0.5,False,0.00012098071658987196,0.0001834229402692955,0.21209610604805304,0.020668363448102228,0.17068995765856176
random_0.1_0,32,8,64,equivariant_residual,0.3,0.001,36.16101978350028,1.0,True,1.4051943772220793e-08,2.157075185138524e-08,0.21209610604805304,4.801853160754575e-06,0.34137991531712353
random_0.1_0,32,8,64,equivariant_residual,0.3,0.001,54.24152967525042,1.5,True,1.6657180290589773e-12,2.6143531783873186e-12,0.21209610604805304,8.538178373895081e-10,0.5120698729756853
random_0.1_1,32,6,64,adversarial,0.0,0.001,7.0048222907186135,0.5,False,1.0,0.3660937016754877,0.205018686599039,11.616254437910202,0.048984722278995266
random_0.1_1,32,6,64,adversarial,0.0,0.001,14.009644581437227,1.0,True,0.0009977067884161751,0.0022766952610178137,0.205018686599039,0.0977450042667046,0.09796944455799053
random_0.1_1,32,6,64,adversarial,0.0,0.001,21.01446687215584,1.5,True,2.744773404628312e-05,6.693267255464264e-05,0.205018686599039,0.004037485661945023,0.14695416683698578
random_0.1_1,32,6,64,equivariant_residual,0.0,0.001,7.0048222907186135,0.5,False,1.0,0.3660937016754877,0.205018686599039,11.616254437910202,0.048984722278995266
random_0.1_1,32,6,64,equivariant_residual,0.0,0.001,14.009644581437227,1.0,True,0.0009977067884161751,0.0022766952610178137,0.205018686599039,0.0977450042667046,0.09796944455799053
random_0.1_1,32,6,64,equivariant_residual,0.0,0.001,21.01446687215584,1.5,True,2.744773404628312e-05,6.693267255464264e-05,0.205018686599039,0.004037485661945023,0.14695416683698578
random_0.1_1,32,6,64,adversarial,0.1,0.001,8.787219820163553,0.5,False,1.0,0.5053655322810426,0.205018686599039,10.973583390567773,0.061449028202403735
random_0.1_1,32,6,64,adversarial,0.1,0.001,17.574439640327107,1.0,True,0.0009963331024540492,0.0022342760024764985,0.205018686599039,0.12244785127490333,0.12289805640480747
random_0.1_1,32,6,64,adversarial,0.1,0.001,26.36165946049066,1.5,True,2.6461688952224873e-05,6.448942457826234e-05,0.205018686599039,0.0048828890174463,0.1843470846072112
random_0.1_1,32,6,64,equivariant_residual,0.1,0.001,8.787219820163553,0.5,False,1.0,0.10293706011879022,0.205018686599039,15.681897356183073,0.06276579309245525
random_0.1_1,32,6,64,equivariant_residual,0.1,0.001,17.574439640327107,1.0,True,0.00015565031346743798,0.0003796214124403008,0.205018686599039,0.019555545006151656,0.1255315861849105
random_0.1_1,32,6,64,equivariant_residual,0.1,0.001,26.36165946049066,1.5,True,1.8870874386861704e-06,4.670945787488279e-06,0.205018686599039,0.0003556886372634369,0.18829737927736573
random_0.1_1,32,6,64,adversarial,0.3,0.001,17.89314709494444,0.5,False,1.0,1.2356016061894772,0.205018686599039,31.068214404989494,0.12512677763494645
random_0.1_1,32,6,64,adversarial,0.3,0.001,35.78629418988888,1.0,True,0.0009835015517623829,0.0020219409597519444,0.205018686599039,0.24612882468334618,0.2502535552698929
random_0.1_1,32,6,64,adversarial,0.3,0.001,53.67944128483332,1.5,True,2.1929335405836883e-05,5.3316452202523124e-05,0.205018686599039,0.008239900606824524,0.37538033290483935
random_0.1_1,32,6,64,equivariant_residual,0.3,0.001,17.89314709494444,0.5,False,0.00013247615021175446,0.0003246199992572585,0.205018686599039,0.017657254038132487,0.13317064191147873
random_0.1_1,32,6,64,equivariant_residual,0.3,0.001,35.78629418988888,1.0,True,1.694754936945795e-08,4.2010979584006236e-08,0.205018686599039,4.5183503305465385e-06,0.26634128382295746
random_0.1_1,32,6,64,equivariant_residual,0.3,0.001,53.67944128483332,1.5,True,2.2062637509207397e-12,5.504929845301376e-12,0.205018686599039,8.823109907972779e-10,0.3995119257344362
random_0.1_2,32,6,64,adversarial,0.0,0.001,7.0048222907186135,0.5,False,1.0,0.37433764008030757,0.21209610604805304,12.24662378977188,0.048984722278995266
random_0.1_2,32,6,64,adversarial,0.0,0.001,14.009644581437227,1.0,True,0.0009973040369168466,0.0020990053883545023,0.21209610604805304,0.09770558622580139,0.09796944455799053
random_0.1_2,32,6,64,adversarial,0.0,0.001,21.01446687215584,1.5,True,2.7447715757354654e-05,6.0551285794296916e-05,0.21209610604805304,0.004037482971768139,0.14695416683698578
random_0.1_2,32,6,64,equivariant_residual,0.0,0.001,7.0048222907186135,0.5,False,1.0,0.37433764008030757,0.21209610604805304,12.24662378977188,0.048984722278995266
random_0.1_2,32,6,64,equivariant_residual,0.0,0.001,14.009644581437227,1.0,True,0.0009973040369168466,0.0020990053883545023,0.21209610604805304,0.09770558622580139,0.09796944455799053
random_0.1_2,32,6,64,equivariant_residual,0.0,0.001,21.01446687215584,1.5,True,2.7447715757354654e-05,6.0551285794296916e-05,0.21209610604805304,0.004037482971768139,0.14695416683698578
random_0.1_2,32,6,64,adversarial,0.1,0.001,8.787219820163553,0.5,False,1.0,0.5341029772954236,0.21209610604805304,10.667461680203928,0.061449028202403735
random_0.1_2,32,6,64,adversarial,0.1,0.001,17.574439640327107,1.0,True,0.0009956964256890104,0.0020693932244584268,0.21209610604805304,0.1223696826382991,0.12289805640480747
random_0.1_2,32,6,64,adversarial,0.1,0.001,26.36165946049066,1.5,True,2.646166315565291e-05,5.835162694056706e-05,0.21209610604805304,0.004882884257415112,0.1843470846072112
random_0.1_2,32,6,64,equivariant_residual,0.1,0.001,8.787219820163553,0.5,False,1.0,0.26593259655272794,0.21209610604805304,15.227465327890533,0.06276579309245525
random_0.1_2,32,6,64,equivariant_residual,0.1,0.001,17.574439640327107,1.0,True,0.00015564796693768972,0.00034499061287540655,0.21209610604805304,0.01955525023948181,0.1255315861849105
random_0.1_2,32,6,64,equivariant_residual,0.1,0.001,26.36165946049066,1.5,True,1.8870874293448001e-06,4.2296857634127605e-06,0.21209610604805304,0.0003556886355027272,0.18829737927736573
random_0.1_2,32,6,64,adversarial,0.3,0.001,17.89314709494444,0.5,False,1.0,1.044884534172148,0.21209610604805304,31.068214404989494,0.12512677763494645
random_0.1_2,32,6,64,adversarial,0.3,0.001,35.78629418988888,1.0,True,0.0009808490323760144,0.0019119700028955577,0.21209610604805304,0.245465663055503,0.2502535552698929
random_0.1_2,32,6,64,adversarial,0.3,0.001,53.67944128483332,1.5,True,2.1929274454979474e-05,4.827691915609833e-05,0.21209610604805304,0.0082398777051732,0.37538033290483935
random_0.1_2,32,6,64,equivariant_residual,0.3,0.001,17.89314709494444,0.5,False,0.00013247464984915023,0.0002948736200214519,0.21209610604805304,0.01765705408686985,0.13317064191147873
random_0.1_2,32,6,64,equivariant_residual,0.3,0.001,35.78629418988888,1.0,True,1.6947549369445486e-08,3.8046244821288155e-08,0.21209610604805304,4.518350330543216e-06,0.26634128382295746
random_0.1_2,32,6,64,equivariant_residual,0.3,0.001,53.67944128483332,1.5,True,2.2062637509207397e-12,4.884093129930989e-12,0.21209610604805304,8.823109907972779e-10,0.3995119257344362
random_0.3_0,32,14,64,adversarial,0.0,0.001,7.120365751184075,0.5,False,0.26874518955828525,0.03206979875364113,0.19839834668044434,18.190937854919643,0.10669868078149337
random_0.3_0,32,14,64,adversarial,0.0,0.001,14.24073150236815,1.0,True,0.0009380068871849517,0.0004138486321696444,0.19839834668044434,0.1734898674809173,0.21339736156298675
random_0.3_0,32,14,64,adversarial,0.0,0.001,21.361097253552227,1.5,True,2.3134435436158348e-05,1.1150535570880749e-05,0.19839834668044434,0.007365318253847407,0.3200960423444801
random_0.3_0,32,14,64,equivariant_residual,0.0,0.001,7.120365751184075,0.5,False,0.26874518955828525,0.03206979875364113,0.19839834668044434,18.190937854919643,0.10669868078149337
random_0.3_0,32,14,64,equivariant_residual,0.0,0.001,14.24073150236815,1.0,True,0.0009380068871849517,0.0004138486321696444,0.19839834668044434,0.1734898674809173,0.21339736156298675
random_0.3_0,32,14,64,equivariant_residual,0.0,0.001,21.361097253552227,1.5,True,2.3134435436158348e-05,1.1150535570880749e-05,0.19839834668044434,0.007365318253847407,0.3200960423444801
random_0.3_0,32,14,64,adversarial,0.1,0.001,8.969811400842277,0.5,False,0.3893963370415211,0.038477333058102525,0.19839834668044434,27.72540706189119,0.13441262384162153
random_0.3_0,32,14,64,adversarial,0.1,0.001,17.939622801684553,1.0,True,0.0009132254438312647,0.0003957494267994299,0.19839834668044434,0.21278346304604942,0.26882524768324306
random_0.3_0,32,14,64,adversarial,0.1,0.001,26.909434202526832,1.5,True,2.130868802318961e-05,1.0264172898732937e-05,0.19839834668044434,0.008537484713557322,0.40323787152486457
random_0.3_0,32,14,64,equivariant_residual,0.1,0.001,8.969811400842277,0.5,False,0.0403307645576624,0.008790509724701412,0.19839834668044434,4.565261994684252,0.13575675008003776
random_0.3_0,32,14,64,equivariant_residual,0.1,0.001,17.939622801684553,1.0,True,0.00013104878871965625,6.555819922038353e-05,0.19839834668044434,0.03456017034119529,0.2715135001600755
random_0.3_0,32,14,64,equivariant_residual,0.1,0.001,26.909434202526832,1.5,True,1.43519340907886e-06,7.364572029988636e-07,0.19839834668044434,0.0005847989182862516,0.4072702502401132
random_0.3_0,32,14,64,adversarial,0.3,0.001,18.66690480715825,0.5,False,0.8736683650618585,0.08249541729763576,0.19839834668044434,42.37838875733084,0.2797235685352664
random_0.3_0,32,14,64,adversarial,0.3,0.001,37.3338096143165,1.0,True,0.000753961774080395,0.00030693222072764037,0.19839834668044434,0.36565155398101573,0.5594471370705328
random_0.3_0,32,14,64,adversarial,0.3,0.001,56.000714421474754,1.5,True,1.3808816266965353e-05,6.641187258571435e-06,0.19839834668044434,0.011484516072874772,0.8391707056057993
random_0.3_0,32,14,64,equivariant_residual,0.3,0.001,18.66690480715825,0.5,False,9.039278968554601e-05,4.5993715451553285e-05,0.19839834668044434,0.02549512387154133,0.2881152755913244
random_0.3_0,32,14,64,equivariant_residual,0.3,0.001,37.3338096143165,1.0,True,7.817501071649087e-09,4.034819367504383e-09,0.19839834668044434,4.509174407650534e-06,0.5762305511826488
random_0.3_0,32,14,64,equivariant_residual,0.3,0.001,56.000714421474754,1.5,True,6.912248551316225e-13,3.5216274341109965e-13,0.19839834668044434,5.980553742693184e-10,0.8643458267739732
random_0.3_1,32,15,64,adversarial,0.0,0.001,7.135077250669993,0.5,False,0.2647654999714002,0.03226611442119065,0.19839834668044434,18.056322524556922,0.11404707477470917
random_0.3_1,32,15,64,adversarial,0.0,0.001,14.270154501339986,1.0,True,0.0009225886139367082,0.0004554985244913379,0.19839834668044434,0.18160687345037646,0.22809414954941834
random_0.3_1,32,15,64,adversarial,0.0,0.001,21.40523175200998,1.5,True,2.2626664593442423e-05,1.235313453107345e-05,0.19839834668044434,0.007700756110325849,0.3421412243241275
random_0.3_1,32,15,64,equivariant_residual,0.0,0.001,7.135077250669993,0.5,False,0.2647654999714002,0.03226611442119065,0.19839834668044434,18.056322524556922,0.11404707477470917
random_0.3_1,32,15,64,equivariant_residual,0.0,0.001,14.270154501339986,1.0,True,0.0009225886139367082,0.0004554985244913379,0.19839834668044434,0.18160687345037646,0.22809414954941834
random_0.3_1,32,15,64,equivariant_residual,0.0,0.001,21.40523175200998,1.5,True,2.2626664593442423e-05,1.235313453107345e-05,0.19839834668044434,0.007700756110325849,0.3421412243241275
random_0.3_1,32,15,64,adversarial,0.1,0.001,8.993170284698637,0.5,False,0.38236977888407975,0.0382976609147474,0.19839834668044434,27.610118286036272,0.14374683383062303
random_0.3_1,32,15,64,adversarial,0.1,0.001,17.986340569397274,1.0,True,0.0008937922750942946,0.00043265129435843264,0.19839834668044434,0.21570669620167293,0.28749366766124607
random_0.3_1,32,15,64,adversarial,0.1,0.001,26.979510854095913,1.5,True,2.0715848248093555e-05,1.1302231079701741e-05,0.19839834668044434,0.008877999462976797,0.4312405014918691
random_0.3_1,32,15,64,equivariant_residual,0.1,0.001,8.993170284698637,0.5,False,0.039434806658644406,0.009044763786571597,0.19839834668044434,4.479646837570537,0.14509446039778512
random_0.3_1,32,15,64,equivariant_residual,0.1,0.001,17.986340569397274,1.0,True,0.00012794463574927222,7.193957817586139e-05,0.19839834668044434,0.036084707508571054,0.29018892079557024
random_0.3_1,32,15,64,equivariant_residual,0.1,0.001,26.979510854095913,1.5,True,1.3857550348131841e-06,8.004594014288102e-07,0.19839834668044434,0.0006035024686843194,0.43528338119335536
random_0.3_1,32,15,64,adversarial,0.3,0.001,18.768355376762372,0.5,False,0.8620560586239461,0.07959420511591109,0.19839834668044434,43.621175474201635,0.29999339234216976
random_0.3_1,32,15,64,adversarial,0.3,0.001,37.536710753524744,1.0,True,0.0007171050028843288,0.00032499216929937624,0.19839834668044434,0.34967998273790857,0.5999867846843395
random_0.3_1,32,15,64,adversarial,0.3,0.001,56.305066130287116,1.5,True,1.2986376437318202e-05,7.074073848034601e-06,0.19839834668044434,0.0115893846333038,0.8999801770265092
random_0.3_1,32,15,64,equivariant_residual,0.3,0.001,18.768355376762372,0.5,False,8.583790385973219e-05,4.90702630544515e-05,0.19839834668044434,0.025943139870236536,0.3084307065017933
random_0.3_1,32,15,64,equivariant_residual,0.3,0.001,37.536710753524744,1.0,True,7.063311688073379e-09,4.1012637730375445e-09,0.19839834668044434,4.361430297290428e-06,0.6168614130035865
random_0.3_1,32,15,64,equivariant_residual,0.3,0.001,56.305066130287116,1.5,True,5.936362512670712e-13,3.448352714485736e-13,0.19839834668044434,5.498367819317422e-10,0.9252921195053798
random_0.3_2,32,15,64,adversarial,0.0,0.001,7.135077250669993,0.5,False,0.2647654999714002,0.033743724101522155,0.19839834668044434,18.056322524556922,0.11404707477470917
random_0.3_2,32,15,64,adversarial,0.0,0.001,14.270154501339986,1.0,True,0.0009225886139367082,0.0005342136429913324,0.19839834668044434,0.18160687345037646,0.22809414954941834
random_0.3_2,32,15,64,adversarial,0.0,0.001,21.40523175200998,1.5,True,2.2626664593442423e-05,1.4531245589477493e-05,0.19839834668044434,0.007700756110325849,0.3421412243241275
random_0.3_2,32,15,64,equivariant_residual,0.0,0.001,7.135077250669993,0.5,False,0.2647654999714002,0.033743724101522155,0.19839834668044434,18.056322524556922,0.11404707477470917
random_0.3_2,32,15,64,equivariant_residual,0.0,0.001,14.270154501339986,1.0,True,0.0009225886139367082,0.0005342136429913324,0.19839834668044434,0.18160687345037646,0.22809414954941834
random_0.3_2,32,15,64,equivariant_residual,0.0,0.001,21.40523175200998,1.5,True,2.2626664593442423e-05,1.4531245589477493e-05,0.19839834668044434,0.007700756110325849,0.3421412243241275
random_0.3_2,32,15,64,adversarial,0.1,0.001,8.993170284698637,0.5,False,0.38236977888407975,0.03824268483736537,0.19839834668044434,27.610118286036272,0.14374683383062303
random_0.3_2,32,15,64,adversarial,0.1,0.001,17.986340569397274,1.0,True,0.0008937922750942946,0.0005071063864336978,0.19839834668044434,0.21570669620167293,0.28749366766124607
random_0.3_2,32,15,64,adversarial,0.1,0.001,26.979510854095913,1.5,True,2.0715848248093555e-05,1.3294786625817068e-05,0.19839834668044434,0.008877999462976797,0.4312405014918691
random_0.3_2,32,15,64,equivariant_residual,0.1,0.001,8.993170284698637,0.5,False,0.039434806658644406,0.010191375576567019,0.19839834668044434,4.479646837570537,0.14509446039778512
random_0.3_2,32,15,64,equivariant_residual,0.1,0.001,17.986340569397274,1.0,True,0.00012794463574927222,8.402288062825392e-05,0.19839834668044434,0.036084707508571054,0.29018892079557024
random_0.3_2,32,15,64,equivariant_residual,0.1,0.001,26.979510854095913,1.5,True,1.3857550348131841e-06,9.345101115165733e-07,0.19839834668044434,0.0006035024686843194,0.43528338119335536
random_0.3_2,32,15,64,adversarial,0.3,0.001,18.768355376762372,0.5,False,0.8620560586239461,0.06708766346103023,0.19839834668044434,43.621175474201635,0.29999339234216976
random_0.3_2,32,15,64,adversarial,0.3,0.001,37.536710753524744,1.0,True,0.0007171050028843288,0.00038010850843317456,0.19839834668044434,0.34967998273790857,0.5999867846843395
random_0.3_2,32,15,64,adversarial,0.3,0.001,56.305066130287116,1.5,True,1.2986376437318202e-05,8.320841105469157e-06,0.19839834668044434,0.0115893846333038,0.8999801770265092
random_0.3_2,32,15,64,equivariant_residual,0.3,0.001,18.768355376762372,0.5,False,8.583790385973219e-05,5.7237947936439326e-05,0.19839834668044434,0.025943139870236536,0.3084307065017933
random_0.3_2,32,15,64,equivariant_residual,0.3,0.001,37.536710753524744,1.0,True,7.063311688073379e-09,4.7848076611956e-09,0.19839834668044434,4.361430297290428e-06,0.6168614130035865
random_0.3_2,32,15,64,equivariant_residual,0.3,0.001,56.305066130287116,1.5,True,5.936362512670712e-13,4.0323300254385686e-13,0.19839834668044434,5.498367819317422e-10,0.9252921195053798
random_0.7_0,32,27,64,adversarial,0.0,0.001,7.316477519754823,0.5,False,0.025130073920406004,0.019455541099667295,0.19839834668044434,5.018807206664305,0.2046565091825819
random_0.7_0,32,27,64,adversarial,0.0,0.001,14.632955039509646,1.0,True,0.0006640575119536484,0.0005141090415132776,0.19839834668044434,0.2718987876379079,0.4093130183651638
random_0.7_0,32,27,64,adversarial,0.0,0.001,21.94943255926447,1.5,True,1.7129072209117993e-05,1.3261217191029573e-05,0.19839834668044434,0.010527075305068783,0.6139695275477458
random_0.7_0,32,27,64,equivariant_residual,0.0,0.001,7.316477519754823,0.5,False,0.025130073920406004,0.019455541099667295,0.19839834668044434,5.018807206664305,0.2046565091825819
random_0.7_0,32,27,64,equivariant_residual,0.0,0.001,14.632955039509646,1.0,True,0.0006640575119536484,0.0005141090415132776,0.19839834668044434,0.2718987876379079,0.4093130183651638
random_0.7_0,32,27,64,equivariant_residual,0.0,0.001,21.94943255926447,1.5,True,1.7129072209117993e-05,1.3261217191029573e-05,0.19839834668044434,0.010527075305068783,0.6139695275477458
random_0.7_0,32,27,64,adversarial,0.1,0.001,9.28327255194698,0.5,False,0.023815638454629973,0.018437913642291193,0.19839834668044434,6.043008530130952,0.259671699823061
random_0.7_0,32,27,64,adversarial,0.1,0.001,18.56654510389396,1.0,True,0.00059484299479029,0.00046052360887416377,0.19839834668044434,0.3090530727150699,0.519343399646122
random_0.7_0,32,27,64,adversarial,0.1,0.001,27.849817655840944,1.5,True,1.452060935208494e-05,1.1241762077451867e-05,0.19839834668044434,0.01132293261753469,0.7790150994691828
random_0.7_0,32,27,64,equivariant_residual,0.1,0.001,9.28327255194698,0.5,False,0.009549829316020553,0.0072190387932316025,0.19839834668044434,2.4717682031384447,0.2610627982149702
random_0.7_0,32,27,64,equivariant_residual,0.1,0.001,18.56654510389396,1.0,True,9.295774582607219e-05,6.952725432762819e-05,0.19839834668044434,0.048579686406941304,0.5221255964299404
random_0.7_0,32,27,64,equivariant_residual,0.1,0.001,27.849817655840944,1.5,True,8.963725443394607e-07,6.673751979935361e-07,0.19839834668044434,0.0007027306754012584,0.7831883946449105
random_0.7_0,32,27,64,adversarial,0.3,0.001,20.077775519327187,0.5,False,0.01771351483741901,0.013713688906386023,0.19839834668044434,9.781749568909733,0.5616155368266201
random_0.7_0,32,27,64,adversarial,0.3,0.001,40.15555103865437,1.0,True,0.0003250812711390605,0.00025167582281282463,0.19839834668044434,0.36538807265309176,1.1232310736532403
random_0.7_0,32,27,64,adversarial,0.3,0.001,60.233326557981556,1.5,True,5.864043497688531e-06,4.5399046424421385e-06,0.19839834668044434,0.009889845719675917,1.6848466104798603
random_0.7_0,32,27,64,equivariant_residual,0.3,0.001,20.077775519327187,0.5,False,4.366640887712817e-05,3.2403698065897046e-05,0.19839834668044434,0.024941718741741847,0.5706415008113337
random_0.7_0,32,27,64,equivariant_residual,0.3,0.001,40.15555103865437,1.0,True,1.9069218426537304e-09,1.4148142657433027e-09,0.19839834668044434,2.178515996289861e-06,1.1412830016226674
random_0.7_0,32,27,64,equivariant_residual,0.3,0.001,60.233326557981556,1.5,True,8.327206309577276e-14,5.861977570020827e-14,0.19839834668044434,1.4269818336523684e-10,1.7119245024340008
random_0.7_1,32,26,64,adversarial,0.0,0.001,7.301009279755342,0.5,False,0.025320246169341587,0.01796920695888682,0.19839834668044434,4.864929299858939,0.19693012330284085
random_0.7_1,32,26,64,adversarial,0.0,0.001,14.602018559510684,1.0,True,0.0006744021862893438,0.0004786080031744522,0.19839834668044434,0.2657067833353741,0.3938602466056817
random_0.7_1,32,26,64,adversarial,0.0,0.001,21.903027839266027,1.5,True,1.75311466414918e-05,1.2441458906220504e-05,0.19839834668044434,0.010367418453537358,0.5907903699085225
random_0.7_1,32,26,64,equivariant_residual,0.0,0.001,7.301009279755342,0.5,False,0.025320246169341587,0.01796920695888682,0.19839834668044434,4.864929299858939,0.19693012330284085
random_0.7_1,32,26,64,equivariant_residual,0.0,0.001,14.602018559510684,1.0,True,0.0006744021862893438,0.0004786080031744522,0.19839834668044434,0.2657067833353741,0.3938602466056817
random_0.7_1,32,26,64,equivariant_residual,0.0,0.001,21.903027839266027,1.5,True,1.75311466414918e-05,1.2441458906220504e-05,0.19839834668044434,0.010367418453537358,0.5907903699085225
random_0.7_1,32,26,64,adversarial,0.1,0.001,9.258384421780903,0.5,False,0.024048183138287493,0.017066452549751032,0.19839834668044434,5.866912633864366,0.2497264030086963
random_0.7_1,32,26,64,adversarial,0.1,0.001,18.516768843561806,1.0,True,0.000606798052682489,0.0004306308760972932,0.19839834668044434,0.30318627591464953,0.4994528060173926
random_0.7_1,32,26,64,adversarial,0.1,0.001,27.77515326534271,1.5,True,1.496081262468058e-05,1.0617350895802957e-05,0.19839834668044434,0.01121938146428851,0.7491792090260889
random_0.7_1,32,26,64,equivariant_residual,0.1,0.001,9.258384421780903,0.5,False,0.009668254367106523,0.00668511507235281,0.19839834668044434,2.4067656920278737,0.2511137719143002
random_0.7_1,32,26,64,equivariant_residual,0.1,0.001,18.516768843561806,1.0,True,9.530009729035034e-05,6.51333974224233e-05,0.19839834668044434,0.04790567818187456,0.5022275438286004
random_0.7_1,32,26,64,equivariant_residual,0.1,0.001,27.77515326534271,1.5,True,9.304685475441943e-07,6.32746788520322e-07,0.19839834668044434,0.0007016614090517755,0.7533413157429005
random_0.7_1,32,26,64,adversarial,0.3,0.001,19.961719013435122,0.5,False,0.018121939357702677,0.01286073115708053,0.19839834668044434,9.590117563007889,0.5384274469493856
random_0.7_1,32,26,64,adversarial,0.3,0.001,39.923438026870244,1.0,True,0.00034052289807086014,0.00024166141153525444,0.19839834668044434,0.366935817471463,1.0768548938987712
random_0.7_1,32,26,64,adversarial,0.3,0.001,59.885157040305366,1.5,True,6.286929922675696e-06,4.461692198143297e-06,0.19839834668044434,0.010165268305731109,1.6152823408481565
random_0.7_1,32,26,64,equivariant_residual,0.3,0.001,19.961719013435122,0.5,False,4.627513496502367e-05,3.1354277721495905e-05,0.19839834668044434,0.02535524920676512,0.5474012377318753
random_0.7_1,32,26,64,equivariant_residual,0.3,0.001,39.923438026870244,1.0,True,2.141586352699676e-09,1.4507539614072584e-09,0.19839834668044434,2.346960996330127e-06,1.0948024754637506
random_0.7_1,32,26,64,equivariant_residual,0.3,0.001,59.885157040305366,1.5,True,9.914291609902648e-14,6.59472476627343e-14,0.19839834668044434,1.6297584079564315e-10,1.6422037131956257
random_0.7_2,32,26,64,adversarial,0.0,0.001,7.301009279755342,0.5,False,0.025320246169341587,0.01796920695888682,0.19839834668044434,4.864929299858939,0.19693012330284085
random_0.7_2,32,26,64,adversarial,0.0,0.001,14.602018559510684,1.0,True,0.0006744021862893438,0.0004786080031744522,0.19839834668044434,0.2657067833353741,0.3938602466056817
random_0.7_2,32,26,64,adversarial,0.0,0.001,21.903027839266027,1.5,True,1.75311466414918e-05,1.2441458906220504e-05,0.19839834668044434,0.010367418453537358,0.5907903699085225
random_0.7_2,32,26,64,equivariant_residual,0.0,0.001,7.301009279755342,0.5,False,0.025320246169341587,0.01796920695888682,0.19839834668044434,4.864929299858939,0.19693012330284085
random_0.7_2,32,26,64,equivariant_residual,0.0,0.001,14.602018559510684,1.0,True,0.0006744021862893438,0.0004786080031744522,0.19839834668044434,0.2657067833353741,0.3938602466056817
random_0.7_2,32,26,64,equivariant_residual,0.0,0.001,21.903027839266027,1.5,True,1.75311466414918e-05,1.2441458906220504e-05,0.19839834668044434,0.010367418453537358,0.5907903699085225
random_0.7_2,32,26,64,adversarial,0.1,0.001,9.258384421780903,0.5,False,0.024048183138287493,0.017066452549751032,0.19839834668044434,5.866912633864366,0.2497264030086963
random_0.7_2,32,26,64,adversarial,0.1,0.001,18.516768843561806,1.0,True,0.000606798052682489,0.0004306308760972932,0.19839834668044434,0.30318627591464953,0.4994528060173926
random_0.7_2,32,26,64,adversarial,0.1,0.001,27.77515326534271,1.5,True,1.496081262468058e-05,1.0617350895802957e-05,0.19839834668044434,0.01121938146428851,0.7491792090260889
random_0.7_2,32,26,64,equivariant_residual,0.1,0.001,9.258384421780903,0.5,False,0.009668254367106523,0.00668511507235281,0.19839834668044434,2.4067656920278737,0.2511137719143002
random_0.7_2,32,26,64,equivariant_residual,0.1,0.001,18.516768843561806,1.0,True,9.530009729035034e-05,6.51333974224233e-05,0.19839834668044434,0.04790567818187456,0.5022275438286004
random_0.7_2,32,26,64,equivariant_residual,0.1,0.001,27.77515326534271,1.5,True,9.304685475441943e-07,6.32746788520322e-07,0.19839834668044434,0.0007016614090517755,0.7533413157429005
random_0.7_2,32,26,64,adversarial,0.3,0.001,19.961719013435122,0.5,False,0.018121939357702677,0.01286073115708053,0.19839834668044434,9.590117563007889,0.5384274469493856
random_0.7_2,32,26,64,adversarial,0.3,0.001,39.923438026870244,1.0,True,0.00034052289807086014,0.00024166141153525444,0.19839834668044434,0.366935817471463,1.0768548938987712
random_0.7_2,32,26,64,adversarial,0.3,0.001,59.885157040305366,1.5,True,6.286929922675696e-06,4.461692205470769e-06,0.19839834668044434,0.010165268305731109,1.6152823408481565
random_0.7_2,32,26,64,equivariant_residual,0.3,0.001,19.961719013435122,0.5,False,4.627513496502367e-05,3.1354277721495905e-05,0.19839834668044434,0.02535524920676512,0.5474012377318753
random_0.7_2,32,26,64,equivariant_residual,0.3,0.001,39.923438026870244,1.0,True,2.141586352699676e-09,1.4507539614072584e-09,0.19839834668044434,2.346960996330127e-06,1.0948024754637506
random_0.7_2,32,26,64,equivariant_residual,0.3,0.001,59.885157040305366,1.5,True,9.914291609902648e-14,6.59472476627343e-14,0.19839834668044434,1.6297584079564315e-10,1.6422037131956257
