family,size_parameter,represented_nodes,schedule,beta,mae,max_state_error_all_steps,max_state_error_final
barbell,10,20,fixed_4,4.0,0.40233452081280285,0.9409284056093965,2.220446049250313e-16
barbell,10,20,fixed_8,8.0,0.030761184898106708,0.07168409438479281,0.00010929807293169613
barbell,10,20,fixed_12,12.0,0.0021957456642047735,0.0033239060593641162,0.0017677983492735416
barbell,10,20,fixed_20,20.0,3.921925165389917e-05,4.5811919975664475e-05,4.506563191364332e-05
barbell,10,20,fixed_100,100.0,0.0,1.9287498479639178e-22,0.0
barbell,10,20,coefficient_1.5,3.453877639491069,0.4152070415299791,0.9703360613989647,1.4210854715202004e-14
barbell,10,20,coefficient_1.9,4.374911676688687,0.3857852943669662,0.9025663040426773,0.0
barbell,10,20,coefficient_2.0,4.605170185988092,0.37096930182536314,0.8680622556885803,0.0
barbell,10,20,coefficient_2.1,4.835428695287496,0.35181052260260814,0.8233491533040541,0.0
barbell,10,20,coefficient_2.5,5.756462732485115,0.2334802286074198,0.5464957229354414,2.8976820942716586e-14
barbell,10,20,coefficient_3.0,6.907755278982138,0.08898725879097429,0.20810044157196156,7.858333095356329e-08
barbell,100,200,fixed_4,4.0,0.4925245430072384,1.0,0.0
barbell,100,200,fixed_8,8.0,0.49249921628256865,0.9999692308729523,0.0
barbell,100,200,fixed_12,12.0,0.022637875694461213,0.04596359276124719,0.0
barbell,100,200,fixed_20,20.0,4.476928290301663e-05,4.9712508505368036e-05,4.1176533575049135e-05
barbell,100,200,fixed_100,100.0,0.0,1.9287498479639178e-22,0.0
barbell,100,200,coefficient_1.5,6.907755278982138,0.49251563364359574,0.9999999798641029,0.0
barbell,100,200,coefficient_1.9,8.749823353377375,0.4917770492700882,0.9985040728513528,0.0
barbell,100,200,coefficient_2.0,9.210340371976184,0.48717665148632355,0.9891639193899643,0.0
barbell,100,200,coefficient_2.1,9.670857390574993,0.46390200686649224,0.9419073776349592,0.0
barbell,100,200,coefficient_2.5,11.51292546497023,0.05244204879510926,0.1064779904844701,0.0
barbell,100,200,coefficient_3.0,13.815510557964275,0.0019525540617789528,0.003959838278676465,4.460503892245171e-06
barbell,1000,2000,fixed_4,4.0,0.4992502443250846,1.0,0.0
barbell,1000,2000,fixed_8,8.0,0.4992501430577388,1.0,0.0
barbell,1000,2000,fixed_12,12.0,0.499250127510214,0.9999999999475666,0.0
barbell,1000,2000,fixed_20,20.0,5.858146196117442e-05,0.00011254525196169572,4.793295617422366e-06
barbell,1000,2000,fixed_100,100.0,0.0,1.9287498479639178e-22,0.0
barbell,1000,2000,coefficient_1.5,10.361632918473205,0.49925013065729595,1.0,0.0
barbell,1000,2000,coefficient_1.9,13.12473503006606,0.4992469038594981,0.999993545090683,0.0
barbell,1000,2000,coefficient_2.0,13.815510557964274,0.49874445036547665,0.9989871295545797,0.0
barbell,1000,2000,coefficient_2.1,14.506286085862488,0.4757806402227724,0.9529905264530689,0.0
barbell,1000,2000,coefficient_2.5,17.269388197455342,0.0019060286912840777,0.003817782771471082,0.0
barbell,1000,2000,coefficient_3.0,20.72326583694641,3.4878001093538556e-05,6.089330459730373e-05,8.967105697643696e-06
barbell,10000,20000,fixed_4,4.0,0.4999250024421513,1.0,0.0
barbell,10000,20000,fixed_8,8.0,0.4999250014299337,1.0,0.0
barbell,10000,20000,fixed_12,12.0,0.49992500127478995,1.0,0.0
barbell,10000,20000,fixed_20,20.0,0.14241415950138145,0.2848710489469841,0.0
barbell,10000,20000,fixed_100,100.0,0.0,1.9287498479639178e-22,0.0
barbell,10000,20000,coefficient_1.5,13.815510557964275,0.49992500126005307,1.0,0.0
barbell,10000,20000,coefficient_1.9,17.49964670675475,0.49992499839652094,0.9999999942888907,0.0
barbell,10000,20000,coefficient_2.0,18.420680743952367,0.49987492160290176,0.9998998256777806,0.0
barbell,10000,20000,coefficient_2.1,19.341714781149985,0.46311376640847585,0.9263664854724787,0.0
barbell,10000,20000,coefficient_2.5,23.02585092994046,4.998635059873622e-05,9.998769892477354e-05,9.992007221626409e-16
barbell,10000,20000,coefficient_3.0,27.63102111592855,1.0063561093074824e-06,1.3182546365114462e-06,6.94758812369578e-07
barbell,1000000,2000000,fixed_4,4.0,0.4999992500002442,1.0,0.0
barbell,1000000,2000000,fixed_8,8.0,0.49999925000014295,1.0,0.0
barbell,1000000,2000000,fixed_12,12.0,0.4999992500001274,1.0,0.0
barbell,1000000,2000000,fixed_20,20.0,0.499999250000125,1.0,0.0
barbell,1000000,2000000,fixed_100,100.0,0.0,1.928749847963945e-22,0.0
barbell,1000000,2000000,coefficient_1.5,20.72326583694641,0.499999250000125,1.0,0.0
barbell,1000000,2000000,coefficient_1.9,26.24947006013212,0.49999925000012496,1.0,0.0
barbell,1000000,2000000,coefficient_2.0,27.631021115928547,0.49999874998755933,0.9999989999733687,0.0
barbell,1000000,2000000,coefficient_2.1,29.012572171724976,0.2543038698806055,0.5086085026738378,0.0
barbell,1000000,2000000,coefficient_2.5,34.538776394910684,4.7741037319394716e-08,9.426307285307282e-08,1.2191453402365937e-09
barbell,1000000,2000000,coefficient_3.0,41.44653167389282,1.0000172149697838e-09,1.0423174282636824e-09,9.577194592935712e-10
barbell,100000000,200000000,fixed_4,4.0,0.4999999925000001,1.0,0.0
barbell,100000000,200000000,fixed_8,8.0,0.4999999925000001,1.0,0.0
barbell,100000000,200000000,fixed_12,12.0,0.4999999925000001,1.0,0.0
barbell,100000000,200000000,fixed_20,20.0,0.4999999925000001,1.0,0.0
barbell,100000000,200000000,fixed_100,100.0,0.0,1.9287498479676317e-22,0.0
barbell,100000000,200000000,coefficient_1.5,27.63102111592855,0.4999999925000001,1.0,0.0
barbell,100000000,200000000,coefficient_1.9,34.9992934135095,0.4999999925000001,1.0,0.0
barbell,100000000,200000000,coefficient_2.0,36.841361487904734,0.49999998749999836,0.9999999899999964,0.0
barbell,100000000,200000000,coefficient_2.1,38.68342956229997,0.00952397432774939,0.019047948941218203,0.0
barbell,100000000,200000000,coefficient_2.5,46.05170185988092,1.0334333317243872e-10,1.5848931921369295e-10,4.819711296732976e-11
barbell,100000000,200000000,coefficient_3.0,55.2620422318571,9.998668509503262e-13,1.005541501855024e-12,9.944267631567527e-13
barbell,1000000000000,2000000000000,fixed_4,4.0,0.49999999999925,1.0,0.0
barbell,1000000000000,2000000000000,fixed_8,8.0,0.49999999999925,1.0,0.0
barbell,1000000000000,2000000000000,fixed_12,12.0,0.49999999999925,1.0,0.0
barbell,1000000000000,2000000000000,fixed_20,20.0,0.49999999999925,1.0,0.0
barbell,1000000000000,2000000000000,fixed_100,100.0,0.0,1.9287498851646766e-22,0.0
barbell,1000000000000,2000000000000,coefficient_1.5,41.44653167389282,0.49999999999925,1.0,0.0
barbell,1000000000000,2000000000000,coefficient_1.9,52.49894012026424,0.49999999999925,1.0,0.0
barbell,1000000000000,2000000000000,coefficient_2.0,55.262042231857095,0.49999999999874994,0.999999999999,0.0
barbell,1000000000000,2000000000000,coefficient_2.1,58.02514434344995,2.6848719558687306e-07,5.369743910828154e-07,0.0
barbell,1000000000000,2000000000000,coefficient_2.5,69.07755278982137,8.881784196996811e-16,1.0715193052376073e-15,8.881784197001252e-16
barbell,1000000000000,2000000000000,coefficient_3.0,82.89306334778564,0.0,1.0000828964990696e-18,0.0
barbell,100000000000000000000,200000000000000000000,fixed_4,4.0,0.5,1.0,0.0
barbell,100000000000000000000,200000000000000000000,fixed_8,8.0,0.5,1.0,0.0
barbell,100000000000000000000,200000000000000000000,fixed_12,12.0,0.5,1.0,0.0
barbell,100000000000000000000,200000000000000000000,fixed_20,20.0,0.5,1.0,0.0
barbell,100000000000000000000,200000000000000000000,fixed_100,100.0,0.0,1.3271540012990467e-21,0.0
barbell,100000000000000000000,200000000000000000000,coefficient_1.5,69.07755278982137,0.5,1.0,0.0
barbell,100000000000000000000,200000000000000000000,coefficient_1.9,87.49823353377373,0.5,1.0,0.0
barbell,100000000000000000000,200000000000000000000,coefficient_2.0,92.10340371976183,0.5,1.0,0.0
barbell,100000000000000000000,200000000000000000000,coefficient_2.1,96.70857390574993,0.0,1.58489319246103e-17,0.0
barbell,100000000000000000000,200000000000000000000,coefficient_2.5,115.12925464970229,0.0,1.0011519555381646e-25,0.0
barbell,100000000000000000000,200000000000000000000,coefficient_3.0,138.15510557964274,0.0,1.0000000138155111e-30,0.0
barbell,10000000000000000000000000000000000000000,20000000000000000000000000000000000000000,fixed_4,4.0,0.5,1.0,0.0
barbell,10000000000000000000000000000000000000000,20000000000000000000000000000000000000000,fixed_8,8.0,0.5,1.0,0.0
barbell,10000000000000000000000000000000000000000,20000000000000000000000000000000000000000,fixed_12,12.0,0.5,1.0,0.0
barbell,10000000000000000000000000000000000000000,20000000000000000000000000000000000000000,fixed_20,20.0,0.5,1.0,0.0
barbell,10000000000000000000000000000000000000000,20000000000000000000000000000000000000000,fixed_100,100.0,0.5,1.0,0.0
barbell,10000000000000000000000000000000000000000,20000000000000000000000000000000000000000,coefficient_1.5,138.15510557964274,0.5,1.0,0.0
barbell,10000000000000000000000000000000000000000,20000000000000000000000000000000000000000,coefficient_1.9,174.99646706754746,0.5,1.0,0.0
barbell,10000000000000000000000000000000000000000,20000000000000000000000000000000000000000,coefficient_2.0,184.20680743952366,0.5,1.0,0.0
barbell,10000000000000000000000000000000000000000,20000000000000000000000000000000000000000,coefficient_2.1,193.41714781149986,4.440892098500626e-16,6.918309709189136e-42,0.0
barbell,10000000000000000000000000000000000000000,20000000000000000000000000000000000000000,coefficient_2.5,230.25850929940458,4.440892098500626e-16,1.0000000230258426e-50,0.0
barbell,10000000000000000000000000000000000000000,20000000000000000000000000000000000000000,coefficient_3.0,276.3102111592855,4.440892098500626e-16,1.0000000000000048e-60,0.0
barbell,100000000000000000000000000000000000000000000000000000000000000000000000000000000,200000000000000000000000000000000000000000000000000000000000000000000000000000000,fixed_4,4.0,0.5,1.0,0.0
barbell,100000000000000000000000000000000000000000000000000000000000000000000000000000000,200000000000000000000000000000000000000000000000000000000000000000000000000000000,fixed_8,8.0,0.5,1.0,0.0
barbell,100000000000000000000000000000000000000000000000000000000000000000000000000000000,200000000000000000000000000000000000000000000000000000000000000000000000000000000,fixed_12,12.0,0.5,1.0,0.0
barbell,100000000000000000000000000000000000000000000000000000000000000000000000000000000,200000000000000000000000000000000000000000000000000000000000000000000000000000000,fixed_20,20.0,0.5000000000000002,1.0,0.0
barbell,100000000000000000000000000000000000000000000000000000000000000000000000000000000,200000000000000000000000000000000000000000000000000000000000000000000000000000000,fixed_100,100.0,0.5,1.0,0.0
barbell,100000000000000000000000000000000000000000000000000000000000000000000000000000000,200000000000000000000000000000000000000000000000000000000000000000000000000000000,coefficient_1.5,276.3102111592855,0.5,1.0,0.0
barbell,100000000000000000000000000000000000000000000000000000000000000000000000000000000,200000000000000000000000000000000000000000000000000000000000000000000000000000000,coefficient_1.9,349.9929341350949,0.5,1.0,0.0
barbell,100000000000000000000000000000000000000000000000000000000000000000000000000000000,200000000000000000000000000000000000000000000000000000000000000000000000000000000,coefficient_2.0,368.4136148790473,0.5,1.0,0.0
barbell,100000000000000000000000000000000000000000000000000000000000000000000000000000000,200000000000000000000000000000000000000000000000000000000000000000000000000000000,coefficient_2.1,386.8342956229997,2.220446049250313e-16,1.0394413751487756e-84,0.0
barbell,100000000000000000000000000000000000000000000000000000000000000000000000000000000,200000000000000000000000000000000000000000000000000000000000000000000000000000000,coefficient_2.5,460.51701859880916,2.220446049250313e-16,9.99999999999989e-101,0.0
barbell,100000000000000000000000000000000000000000000000000000000000000000000000000000000,200000000000000000000000000000000000000000000000000000000000000000000000000000000,coefficient_3.0,552.620422318571,2.220446049250313e-16,1.0000000000000094e-120,0.0
barbell,1000000000000000000000000000000000000000000000000000000000000000000000000000000000000000000000000000000000000000000000000,2000000000000000000000000000000000000000000000000000000000000000000000000000000000000000000000000000000000000000000000000,fixed_4,4.0,0.4999999999999998,1.0,0.0
barbell,1000000000000000000000000000000000000000000000000000000000000000000000000000000000000000000000000000000000000000000000000,2000000000000000000000000000000000000000000000000000000000000000000000000000000000000000000000000000000000000000000000000,fixed_8,8.0,0.4999999999999998,1.0,0.0
barbell,1000000000000000000000000000000000000000000000000000000000000000000000000000000000000000000000000000000000000000000000000,2000000000000000000000000000000000000000000000000000000000000000000000000000000000000000000000000000000000000000000000000,fixed_12,12.0,0.4999999999999998,1.0,0.0
barbell,1000000000000000000000000000000000000000000000000000000000000000000000000000000000000000000000000000000000000000000000000,2000000000000000000000000000000000000000000000000000000000000000000000000000000000000000000000000000000000000000000000000,fixed_20,20.0,0.4999999999999998,1.0,0.0
barbell,1000000000000000000000000000000000000000000000000000000000000000000000000000000000000000000000000000000000000000000000000,2000000000000000000000000000000000000000000000000000000000000000000000000000000000000000000000000000000000000000000000000,fixed_100,100.0,0.4999999999999998,1.0,0.0
barbell,1000000000000000000000000000000000000000000000000000000000000000000000000000000000000000000000000000000000000000000000000,2000000000000000000000000000000000000000000000000000000000000000000000000000000000000000000000000000000000000000000000000,coefficient_1.5,414.4653167389282,0.4999999999999998,1.0,0.0
barbell,1000000000000000000000000000000000000000000000000000000000000000000000000000000000000000000000000000000000000000000000000,2000000000000000000000000000000000000000000000000000000000000000000000000000000000000000000000000000000000000000000000000,coefficient_1.9,524.9894012026424,0.4999999999999998,1.0,0.0
barbell,1000000000000000000000000000000000000000000000000000000000000000000000000000000000000000000000000000000000000000000000000,2000000000000000000000000000000000000000000000000000000000000000000000000000000000000000000000000000000000000000000000000,coefficient_2.0,552.620422318571,0.4999999999999998,1.0,0.0
barbell,1000000000000000000000000000000000000000000000000000000000000000000000000000000000000000000000000000000000000000000000000,2000000000000000000000000000000000000000000000000000000000000000000000000000000000000000000000000000000000000000000000000,coefficient_2.1,580.2514434344995,4.440892098500626e-16,1.000580419821854e-126,0.0
barbell,1000000000000000000000000000000000000000000000000000000000000000000000000000000000000000000000000000000000000000000000000,2000000000000000000000000000000000000000000000000000000000000000000000000000000000000000000000000000000000000000000000000,coefficient_2.5,690.7755278982137,4.440892098500626e-16,1.0000000000000118e-150,0.0
barbell,1000000000000000000000000000000000000000000000000000000000000000000000000000000000000000000000000000000000000000000000000,2000000000000000000000000000000000000000000000000000000000000000000000000000000000000000000000000000000000000000000000000,coefficient_3.0,828.9306334778564,4.440892098500626e-16,1.0000000000000141e-180,0.0
path_copies,10,30,fixed_4,4.0,0.22119640266960303,0.3613372197192428,0.3613372197192428
path_copies,10,30,fixed_8,8.0,0.07687330838262112,0.027429300694919154,0.027429300694919154
path_copies,10,30,fixed_12,12.0,0.011894012365504247,0.0027021935296771067,0.0027021935296771067
path_copies,10,30,fixed_20,20.0,0.00021947861688823936,4.552168962189536e-05,4.552168962189536e-05
path_copies,10,30,fixed_100,100.0,0.0,1.9287498479639178e-22,1.9287498479639178e-22
path_copies,10,30,coefficient_1.5,5.101796072493233,0.16210186470303234,0.19103398033981603,0.19103398033981603
path_copies,10,30,coefficient_1.9,6.462275025158095,0.1290725664689459,0.07626352485411646,0.07626352485411646
path_copies,10,30,coefficient_2.0,6.802394763324311,0.11750668695661622,0.06048882283660079,0.06048882283660079
path_copies,10,30,coefficient_2.1,7.142514501490527,0.10558050280805993,0.04809966462973177,0.04809966462973177
path_copies,10,30,coefficient_2.5,8.502993454155389,0.06232420486563339,0.019971469503458465,0.019971469503458465
path_copies,10,30,coefficient_3.0,10.203592144986466,0.028562553529639878,0.007270510544610465,0.007270510544610465
path_copies,100,300,fixed_4,4.0,0.24775336871018774,0.3613372197192428,0.3613372197192428
path_copies,100,300,fixed_8,8.0,0.22577013267181298,0.027429300694919154,0.027429300694919154
path_copies,100,300,fixed_12,12.0,0.09147838657850478,0.0027021935296771067,0.0027021935296771067
path_copies,100,300,fixed_20,20.0,0.002249231313583492,4.552168962189536e-05,4.552168962189536e-05
path_copies,100,300,fixed_100,100.0,0.0,1.9287498479639178e-22,1.9287498479639178e-22
path_copies,100,300,coefficient_1.5,8.555673711984301,0.21458589354948318,0.019328827144923108,0.019328827144923108
path_copies,100,300,coefficient_1.9,10.83718670184678,0.134348795251231,0.00509142300903093,0.00509142300903093
path_copies,100,300,coefficient_2.0,11.407564949312402,0.1124404586454845,0.0037208112195907324,0.0037208112195907324
path_copies,100,300,coefficient_2.1,11.977943196778023,0.0922166004089479,0.002734310458934141,0.002734310458934141
path_copies,100,300,coefficient_2.5,14.259456186640502,0.035982768875373404,0.0008281458940093405,0.0008281458940093405
path_copies,100,300,coefficient_3.0,17.111347423968603,0.009352075112317726,0.00019432263498043396,0.00019432263498043396
path_copies,1000,3000,fixed_4,4.0,0.2506379175299415,0.3613372197192428,0.3613372197192428
path_copies,1000,3000,fixed_8,8.0,0.27720166938826735,0.027429300694919154,0.027429300694919154
path_copies,1000,3000,fixed_12,12.0,0.2581209070423025,0.0027021935296771067,0.0027021935296771067
path_copies,1000,3000,fixed_20,20.0,0.02126333285799979,4.552168962189536e-05,4.552168962189536e-05
path_copies,1000,3000,fixed_100,100.0,0.0,1.9287498479639178e-22,1.9287498479639178e-22
path_copies,1000,3000,coefficient_1.5,12.00955135147537,0.2578902778825111,0.002688408747381514,0.002688408747381514
path_copies,1000,3000,coefficient_1.9,15.212098378535467,0.14258765501738888,0.0005085900925897427,0.0005085900925897427
path_copies,1000,3000,coefficient_2.0,16.012735135300492,0.11129771795229464,0.00033859738101783994,0.00033859738101783994
path_copies,1000,3000,coefficient_2.1,16.81337189206552,0.0837988392196199,0.00022584817347466162,0.00022584817347466162
path_copies,1000,3000,coefficient_2.5,20.015918919125614,0.02110531977821717,4.5159938023765276e-05,4.5159938023765276e-05
path_copies,1000,3000,coefficient_3.0,24.01910270295074,0.003014822161231242,6.088438483386798e-06,6.088438483386798e-06
path_copies,10000,30000,fixed_4,4.0,0.25092886473294645,0.3613372197192428,0.3613372197192428
path_copies,10000,30000,fixed_8,8.0,0.2836397391226508,0.027429300694919154,0.027429300694919154
path_copies,10000,30000,fixed_12,12.0,0.3153708074612788,0.0027021935296771067,0.0027021935296771067
path_copies,10000,30000,fixed_20,20.0,0.13506097969090827,4.552168962189536e-05,4.552168962189536e-05
path_copies,10000,30000,fixed_100,100.0,0.0,1.9287498479639178e-22,1.9287498479639178e-22
path_copies,10000,30000,coefficient_1.5,15.463428990966438,0.2879156687218227,0.0004475062701817839,0.0004475062701817839
path_copies,10000,30000,coefficient_1.9,19.587010055224155,0.15191148964320855,5.59931284959711e-05,5.59931284959711e-05
path_copies,10000,30000,coefficient_2.0,20.617905321288585,0.11113535442910287,3.3401012622353284e-05,3.3401012622353284e-05
path_copies,10000,30000,coefficient_2.1,21.648800587353016,0.07666639979446084,1.993313143283447e-05,1.993313143283447e-05
path_copies,10000,30000,coefficient_2.5,25.772381651610733,0.012200773868194625,2.533275238366055e-06,2.533275238366055e-06
path_copies,10000,30000,coefficient_3.0,30.926857981932876,0.0009594545453080657,1.92453489039094e-07,1.92453489039094e-07
path_copies,1000000,3000000,fixed_4,4.0,0.25096089683733763,0.3613372197192428,0.3613372197192428
path_copies,1000000,3000000,fixed_8,8.0,0.28436597968529104,0.027429300694919154,0.027429300694919154
path_copies,1000000,3000000,fixed_12,12.0,0.32325469180559424,0.0027021935296771067,0.0027021935296771067
path_copies,1000000,3000000,fixed_20,20.0,0.32821973997911336,4.552168962189536e-05,4.552168962189536e-05
path_copies,1000000,3000000,fixed_100,100.0,7.401486830834377e-17,1.9287498479639178e-22,1.9287498479639178e-22
path_copies,1000000,3000000,coefficient_1.5,22.37118426994858,0.3179595217678912,1.3885367205983423e-05,1.3885367205983423e-05
path_copies,1000000,3000000,coefficient_1.9,28.336833408601528,0.17104548416807272,7.02684613684206e-07,7.02684613684206e-07
path_copies,1000000,3000000,coefficient_2.0,29.82824569326477,0.11111146702088992,3.3334316510916935e-07,3.3334316510916935e-07
path_copies,1000000,3000000,coefficient_2.1,31.31965797792801,0.06390784231157946,1.5813538731675197e-07,1.5813538731675197e-07
path_copies,1000000,3000000,coefficient_2.5,37.28530711658096,0.003957144198319644,8.009378491862871e-09,8.009378491862871e-09
path_copies,1000000,3000000,coefficient_3.0,44.74236853989716,9.619724388421069e-05,1.9245009466421205e-10,1.9245009466421205e-10
path_copies,100000000,300000000,fixed_4,4.0,0.2509612171863438,0.3613372197192428,0.3613372197192428
path_copies,100000000,300000000,fixed_8,8.0,0.2843732606230247,0.027429300694919154,0.027429300694919154
path_copies,100000000,300000000,fixed_12,12.0,0.3233355189813829,0.0027021935296771067,0.0027021935296771067
path_copies,100000000,300000000,fixed_20,20.0,0.33298175153694126,4.552168962189536e-05,4.552168962189536e-05
path_copies,100000000,300000000,fixed_100,100.0,9.62193288008469e-15,1.9287498479639178e-22,1.9287498479639178e-22
path_copies,100000000,300000000,coefficient_1.5,29.278939548930712,0.3283394997168893,4.3870804970789974e-07,4.3870804970789974e-07
path_copies,100000000,300000000,coefficient_1.9,37.0866567619789,0.1900789342400214,8.845761619817532e-09,8.845761619817532e-09
path_copies,100000000,300000000,coefficient_2.0,39.03858606524095,0.11111111580723339,3.3333346235086628e-09,3.3333346235086628e-09
path_copies,100000000,300000000,coefficient_2.1,40.990515368503,0.05284754527026192,1.256095758398331e-09,1.256095758398331e-09
path_copies,100000000,300000000,coefficient_2.5,48.79823258155119,0.0012615997641740595,2.5327856281657158e-11,2.5327856281657158e-11
path_copies,100000000,300000000,coefficient_3.0,58.557879097861424,9.622226684768975e-06,1.9245008973634547e-13,1.9245008973634547e-13
path_copies,1000000000000,3000000000000,fixed_4,4.0,0.2509612204218716,0.3613372197192428,0.3613372197192428
path_copies,1000000000000,3000000000000,fixed_8,8.0,0.2843733341623724,0.027429300694919154,0.027429300694919154
path_copies,1000000000000,3000000000000,fixed_12,12.0,0.32333633554176594,0.0027021935296771067,0.0027021935296771067
path_copies,1000000000000,3000000000000,fixed_20,20.0,0.33303055279917443,4.552168962189536e-05,4.552168962189536e-05
path_copies,1000000000000,3000000000000,fixed_100,100.0,9.64375246326199e-11,1.9287498479639178e-22,1.9287498479639178e-22
path_copies,1000000000000,3000000000000,coefficient_1.5,43.09445010689499,0.33282753856890296,4.3869136233897263e-10,4.3869136233897263e-10
path_copies,1000000000000,3000000000000,coefficient_1.9,54.58630346873365,0.22590819551228822,1.4019896354966477e-12,1.4019896354966477e-12
path_copies,1000000000000,3000000000000,coefficient_2.0,57.459266809193316,0.11111111111180742,3.333333333523746e-13,3.333333333523746e-13
path_copies,1000000000000,3000000000000,coefficient_2.1,60.332230149652986,0.035416743756594204,7.926992395823618e-14,7.926992395823618e-14
path_copies,1000000000000,3000000000000,coefficient_2.5,71.82408351149165,0.0001265911866913013,2.5327856188387785e-16,2.5327856188387785e-16
path_copies,1000000000000,3000000000000,coefficient_3.0,86.18890021378998,9.622501721355074e-08,1.9245008972987485e-19,1.9245008972987485e-19
path_copies,100000000000000000000,300000000000000000000,fixed_4,4.0,0.2509612204221951,0.3613372197192428,0.3613372197192428
path_copies,100000000000000000000,300000000000000000000,fixed_8,8.0,0.28437333416972715,0.027429300694919154,0.027429300694919154
path_copies,100000000000000000000,300000000000000000000,fixed_12,12.0,0.3233363356234302,0.0027021935296771067,0.0027021935296771067
path_copies,100000000000000000000,300000000000000000000,fixed_20,20.0,0.333030557680504,4.552168962189536e-05,4.552168962189536e-05
path_copies,100000000000000000000,300000000000000000000,fixed_100,100.0,0.0093725885584622,1.9287498479639178e-22,1.9287498479639178e-22
path_copies,100000000000000000000,300000000000000000000,coefficient_1.5,70.72547122282353,0.3333282678390628,4.440892098500626e-16,4.440892098500626e-16
path_copies,100000000000000000000,300000000000000000000,coefficient_1.9,89.58559688224314,0.28027451818307975,3.521557695165138e-20,3.521557695165138e-20
path_copies,100000000000000000000,300000000000000000000,coefficient_2.0,94.30062829709804,0.11111111111111131,3.3333333333333385e-21,3.3333333333333385e-21
path_copies,100000000000000000000,300000000000000000000,coefficient_2.1,99.01565971195295,0.015062954447804774,3.1551694088005304e-22,3.1551694088005304e-22
path_copies,100000000000000000000,300000000000000000000,coefficient_2.5,117.87578537137256,1.2663879981703967e-06,2.5327856188386422e-26,2.5327856188386422e-26
path_copies,100000000000000000000,300000000000000000000,coefficient_3.0,141.45094244564706,9.622524999031157e-12,1.924500897298764e-31,1.924500897298764e-31
path_copies,10000000000000000000000000000000000000000,30000000000000000000000000000000000000000,fixed_4,4.0,0.250961220422195,0.3613372197192428,0.3613372197192428
path_copies,10000000000000000000000000000000000000000,30000000000000000000000000000000000000000,fixed_8,8.0,0.28437333416972715,0.027429300694919154,0.027429300694919154
path_copies,10000000000000000000000000000000000000000,30000000000000000000000000000000000000000,fixed_12,12.0,0.3233363356234302,0.0027021935296771067,0.0027021935296771067
path_copies,10000000000000000000000000000000000000000,30000000000000000000000000000000000000000,fixed_20,20.0,0.33303055768050394,4.552168962189536e-05,4.552168962189536e-05
path_copies,10000000000000000000000000000000000000000,30000000000000000000000000000000000000000,fixed_100,100.0,0.3333333333333333,1.9287498479639178e-22,1.9287498479639178e-22
path_copies,10000000000000000000000000000000000000000,30000000000000000000000000000000000000000,coefficient_1.5,139.8030240126449,0.33333333328267756,4.386913376508327e-31,4.386913376508327e-31
path_copies,10000000000000000000000000000000000000000,30000000000000000000000000000000000000000,coefficient_1.9,177.08383041601687,0.327140236140582,3.5215576951651516e-39,3.5215576951651516e-39
path_copies,10000000000000000000000000000000000000000,30000000000000000000000000000000000000000,coefficient_2.0,186.40403201685987,0.11111111111111116,3.333333333333336e-41,3.333333333333336e-41
path_copies,10000000000000000000000000000000000000000,30000000000000000000000000000000000000000,coefficient_2.1,195.72423361770288,0.001570153553710633,3.1551694088005134e-43,3.1551694088005134e-43
path_copies,10000000000000000000000000000000000000000,30000000000000000000000000000000000000000,coefficient_2.5,233.00504002107485,1.266394396755762e-11,2.5327856188386353e-51,2.5327856188386353e-51
path_copies,10000000000000000000000000000000000000000,30000000000000000000000000000000000000000,coefficient_3.0,279.6060480252898,0.0,1.9245008972987684e-61,1.9245008972987684e-61
path_copies,100000000000000000000000000000000000000000000000000000000000000000000000000000000,300000000000000000000000000000000000000000000000000000000000000000000000000000000,fixed_4,4.0,0.250961220422195,0.3613372197192428,0.3613372197192428
path_copies,100000000000000000000000000000000000000000000000000000000000000000000000000000000,300000000000000000000000000000000000000000000000000000000000000000000000000000000,fixed_8,8.0,0.28437333416972715,0.027429300694919154,0.027429300694919154
path_copies,100000000000000000000000000000000000000000000000000000000000000000000000000000000,300000000000000000000000000000000000000000000000000000000000000000000000000000000,fixed_12,12.0,0.3233363356234302,0.0027021935296771067,0.0027021935296771067
path_copies,100000000000000000000000000000000000000000000000000000000000000000000000000000000,300000000000000000000000000000000000000000000000000000000000000000000000000000000,fixed_20,20.0,0.3330305576805039,4.552168962189536e-05,4.552168962189536e-05
path_copies,100000000000000000000000000000000000000000000000000000000000000000000000000000000,300000000000000000000000000000000000000000000000000000000000000000000000000000000,fixed_100,100.0,0.3333333333333333,1.9287498479639178e-22,1.9287498479639178e-22
path_copies,100000000000000000000000000000000000000000000000000000000000000000000000000000000,300000000000000000000000000000000000000000000000000000000000000000000000000000000,coefficient_1.5,277.95812959228766,0.3333333333333333,4.3869133765082747e-61,4.3869133765082747e-61
path_copies,100000000000000000000000000000000000000000000000000000000000000000000000000000000,300000000000000000000000000000000000000000000000000000000000000000000000000000000,coefficient_1.9,352.0802974835643,0.333270241889009,3.5215576951651785e-77,3.5215576951651785e-77
path_copies,100000000000000000000000000000000000000000000000000000000000000000000000000000000,300000000000000000000000000000000000000000000000000000000000000000000000000000000,coefficient_2.0,370.61083945638353,0.11111111111111101,3.3333333333333307e-81,3.3333333333333307e-81
path_copies,100000000000000000000000000000000000000000000000000000000000000000000000000000000,300000000000000000000000000000000000000000000000000000000000000000000000000000000,coefficient_2.1,389.14138142920274,1.5775100447257273e-05,3.155169408800479e-85,3.155169408800479e-85
path_copies,100000000000000000000000000000000000000000000000000000000000000000000000000000000,300000000000000000000000000000000000000000000000000000000000000000000000000000000,coefficient_2.5,463.2635493204794,0.0,2.5327856188386573e-101,2.5327856188386573e-101
path_copies,100000000000000000000000000000000000000000000000000000000000000000000000000000000,300000000000000000000000000000000000000000000000000000000000000000000000000000000,coefficient_3.0,555.9162591845753,0.0,1.924500897298723e-121,1.924500897298723e-121
path_copies,1000000000000000000000000000000000000000000000000000000000000000000000000000000000000000000000000000000000000000000000000,3000000000000000000000000000000000000000000000000000000000000000000000000000000000000000000000000000000000000000000000000,fixed_4,4.0,0.250961220422195,0.3613372197192428,0.3613372197192428
path_copies,1000000000000000000000000000000000000000000000000000000000000000000000000000000000000000000000000000000000000000000000000,3000000000000000000000000000000000000000000000000000000000000000000000000000000000000000000000000000000000000000000000000,fixed_8,8.0,0.28437333416972715,0.027429300694919154,0.027429300694919154
path_copies,1000000000000000000000000000000000000000000000000000000000000000000000000000000000000000000000000000000000000000000000000,3000000000000000000000000000000000000000000000000000000000000000000000000000000000000000000000000000000000000000000000000,fixed_12,12.0,0.3233363356234302,0.0027021935296771067,0.0027021935296771067
path_copies,1000000000000000000000000000000000000000000000000000000000000000000000000000000000000000000000000000000000000000000000000,3000000000000000000000000000000000000000000000000000000000000000000000000000000000000000000000000000000000000000000000000,fixed_20,20.0,0.333030557680504,4.552168962189536e-05,4.552168962189536e-05
path_copies,1000000000000000000000000000000000000000000000000000000000000000000000000000000000000000000000000000000000000000000000000,3000000000000000000000000000000000000000000000000000000000000000000000000000000000000000000000000000000000000000000000000,fixed_100,100.0,0.3333333333333333,1.9287498479639178e-22,1.9287498479639178e-22
path_copies,1000000000000000000000000000000000000000000000000000000000000000000000000000000000000000000000000000000000000000000000000,3000000000000000000000000000000000000000000000000000000000000000000000000000000000000000000000000000000000000000000000000,coefficient_1.5,416.11323517193034,0.3333333333333333,4.3869133765084095e-91,4.3869133765084095e-91
path_copies,1000000000000000000000000000000000000000000000000000000000000000000000000000000000000000000000000000000000000000000000000,3000000000000000000000000000000000000000000000000000000000000000000000000000000000000000000000000000000000000000000000000,coefficient_1.9,527.0767645511118,0.3333327023006462,3.5215576951652557e-115,3.5215576951652557e-115
path_copies,1000000000000000000000000000000000000000000000000000000000000000000000000000000000000000000000000000000000000000000000000,3000000000000000000000000000000000000000000000000000000000000000000000000000000000000000000000000000000000000000000000000,coefficient_2.0,554.8176468959072,0.1111111111111119,3.3333333333333727e-121,3.3333333333333727e-121
path_copies,1000000000000000000000000000000000000000000000000000000000000000000000000000000000000000000000000000000000000000000000000,3000000000000000000000000000000000000000000000000000000000000000000000000000000000000000000000000000000000000000000000000,coefficient_2.1,582.5585292407026,1.5775839582824838e-07,3.155169408800489e-127,3.155169408800489e-127
path_copies,1000000000000000000000000000000000000000000000000000000000000000000000000000000000000000000000000000000000000000000000000,3000000000000000000000000000000000000000000000000000000000000000000000000000000000000000000000000000000000000000000000000,coefficient_2.5,693.522058619884,0.0,2.5327856188386433e-151,2.5327856188386433e-151
path_copies,1000000000000000000000000000000000000000000000000000000000000000000000000000000000000000000000000000000000000000000000000,3000000000000000000000000000000000000000000000000000000000000000000000000000000000000000000000000000000000000000000000000,coefficient_3.0,832.2264703438607,0.0,1.9245008972988413e-181,1.9245008972988413e-181
