family,n,m,gap,tau,normalized,prediction,absolute_error,represented_only,weight_scale,scale,schedule,distance_max,distance_mae,mean_max,mean_mae,closeness_mae,invalid_closeness_nodes
parallel_paths,4,2,0.0,0.01,False,1.9930685281944005,0.006931471805599498,,,,,,,,,,
parallel_paths,4,2,0.0,0.01,True,2.0,0.0,,,,,,,,,,
parallel_paths,4,2,0.0,0.1,False,1.9306852819440057,0.06931471805599432,,,,,,,,,,
parallel_paths,4,2,0.0,0.1,True,2.0,0.0,,,,,,,,,,
parallel_paths,4,2,0.0,1.0,False,1.3068528194400546,0.6931471805599454,,,,,,,,,,
parallel_paths,4,2,0.0,1.0,True,2.0,0.0,,,,,,,,,,
parallel_paths,4,2,0.0,0.09102392266268373,False,1.9369070246428546,0.06309297535714542,,,,,,,,,,
parallel_paths,4,2,0.0,0.09102392266268373,True,2.0000000000000004,4.440892098500626e-16,,,,,,,,,,
parallel_paths,4,2,0.01,0.01,False,1.9968673831248176,0.0031326168751824035,,,,,,,,,,
parallel_paths,4,2,0.01,0.01,True,2.003798854930417,0.003798854930416873,,,,,,,,,,
parallel_paths,4,2,0.01,0.1,False,1.935560333992643,0.06443966600735695,,,,,,,,,,
parallel_paths,4,2,0.01,0.1,True,2.0048750520486376,0.004875052048637585,,,,,,,,,,
parallel_paths,4,2,0.01,1.0,False,1.3118403194921378,0.6881596805078622,,,,,,,,,,
parallel_paths,4,2,0.01,1.0,True,2.004987500052083,0.004987500052083149,,,,,,,,,,
parallel_paths,4,2,0.01,0.09102392266268373,False,1.9417697671121366,0.05823023288786344,,,,,,,,,,
parallel_paths,4,2,0.01,0.09102392266268373,True,2.004862742469282,0.0048627424692822,,,,,,,,,,
parallel_paths,4,2,0.1,0.01,False,1.999999546011008,4.5398899195525644e-07,,,,,,,,,,
parallel_paths,4,2,0.1,0.01,True,2.0069310178166075,0.006931017816607543,,,,,,,,,,
parallel_paths,4,2,0.1,0.1,False,1.9686738312481777,0.03132616875182226,,,,,,,,,,
parallel_paths,4,2,0.1,0.1,True,2.0379885493041723,0.03798854930417228,,,,,,,,,,
parallel_paths,4,2,0.1,1.0,False,1.3556033399264291,0.6443966600735709,,,,,,,,,,
parallel_paths,4,2,0.1,1.0,True,2.0487505204863745,0.048750520486374516,,,,,,,,,,
parallel_paths,4,2,0.1,0.09102392266268373,False,1.9738140492857088,0.026185950714291195,,,,,,,,,,
parallel_paths,4,2,0.1,0.09102392266268373,True,2.0369070246428547,0.03690702464285467,,,,,,,,,,
parallel_paths,4,2,1.0,0.01,False,2.0,0.0,,,,,,,,,,
parallel_paths,4,2,1.0,0.01,True,2.0069314718055993,0.006931471805599276,,,,,,,,,,
parallel_paths,4,2,1.0,0.1,False,1.9999954601100782,4.5398899217730104e-06,,,,,,,,,,
parallel_paths,4,2,1.0,0.1,True,2.0693101781660728,0.06931017816607277,,,,,,,,,,
parallel_paths,4,2,1.0,1.0,False,1.6867383124817772,0.3132616875182228,,,,,,,,,,
parallel_paths,4,2,1.0,1.0,True,2.3798854930417224,0.37988549304172237,,,,,,,,,,
parallel_paths,4,2,1.0,0.09102392266268373,False,1.9999984585149297,1.5414850702555327e-06,,,,,,,,,,
parallel_paths,4,2,1.0,0.09102392266268373,True,2.0630914338720756,0.06309143387207561,,,,,,,,,,
parallel_paths,10,8,0.0,0.01,False,1.9792055845832013,0.020794415416798717,,,,,,,,,,
parallel_paths,10,8,0.0,0.01,True,1.9999999999999996,4.440892098500626e-16,,,,,,,,,,
parallel_paths,10,8,0.0,0.1,False,1.792055845832017,0.20794415416798295,,,,,,,,,,
parallel_paths,10,8,0.0,0.1,True,2.0000000000000004,4.440892098500626e-16,,,,,,,,,,
parallel_paths,10,8,0.0,1.0,False,-0.07944154167983597,2.079441541679836,,,,,,,,,,
parallel_paths,10,8,0.0,1.0,True,1.9999999999999998,2.220446049250313e-16,,,,,,,,,,
parallel_paths,10,8,0.0,0.04551196133134187,False,1.9053605369642816,0.09463946303571835,,,,,,,,,,
parallel_paths,10,8,0.0,0.04551196133134187,True,2.0000000000000004,4.440892098500626e-16,,,,,,,,,,
parallel_paths,10,8,0.01,0.01,False,1.9872599116377214,0.012740088362278579,,,,,,,,,,
parallel_paths,10,8,0.01,0.01,True,2.00805432705452,0.008054327054519916,,,,,,,,,,
parallel_paths,10,8,0.01,0.1,False,1.8007497757054982,0.1992502242945018,,,,,,,,,,
parallel_paths,10,8,0.01,0.1,True,2.008693929873482,0.008693929873481832,,,,,,,,,,
parallel_paths,10,8,0.01,1.0,False,-0.07069702411735532,2.0706970241173552,,,,,,,,,,
parallel_paths,10,8,0.01,1.0,True,2.0087445175624805,0.008744517562480514,,,,,,,,,,
parallel_paths,10,8,0.01,0.04551196133134187,False,1.913983615224718,0.08601638477528195,,,,,,,,,,
parallel_paths,10,8,0.01,0.04551196133134187,True,2.008623078260437,0.008623078260436845,,,,,,,,,,
parallel_paths,10,8,0.1,0.01,False,1.9999968225097926,3.1774902073955502e-06,,,,,,,,,,
parallel_paths,10,8,0.1,0.01,True,2.020791237926591,0.020791237926590878,,,,,,,,,,
parallel_paths,10,8,0.1,0.1,False,1.8725991163772155,0.12740088362278446,,,,,,,,,,
parallel_paths,10,8,0.1,0.1,True,2.080543270545199,0.08054327054519916,,,,,,,,,,
parallel_paths,10,8,0.1,1.0,False,0.00749775705498687,1.9925022429450132,,,,,,,,,,
parallel_paths,10,8,0.1,1.0,True,2.0869392987348228,0.08693929873482276,,,,,,,,,,
parallel_paths,10,8,0.1,0.04551196133134187,False,1.9738140492857088,0.026185950714291195,,,,,,,,,,
parallel_paths,10,8,0.1,0.04551196133134187,True,2.0684535123214274,0.06845351232142738,,,,,,,,,,
parallel_paths,10,8,1.0,0.01,False,2.0,0.0,,,,,,,,,,
parallel_paths,10,8,1.0,0.01,True,2.0207944154167983,0.020794415416798273,,,,,,,,,,
parallel_paths,10,8,1.0,0.1,False,1.9999682250979232,3.177490207684208e-05,,,,,,,,,,
parallel_paths,10,8,1.0,0.1,True,2.2079123792659066,0.20791237926590656,,,,,,,,,,
parallel_paths,10,8,1.0,1.0,False,0.7259911637721521,1.2740088362278479,,,,,,,,,,
parallel_paths,10,8,1.0,1.0,True,2.805432705451988,0.8054327054519881,,,,,,,,,,
parallel_paths,10,8,1.0,0.04551196133134187,False,1.9999999999086315,9.136846834678636e-11,,,,,,,,,,
parallel_paths,10,8,1.0,0.04551196133134187,True,2.0946394629443503,0.09463946294435033,,,,,,,,,,
parallel_paths,34,32,0.0,0.01,False,1.965342640972003,0.03465735902799705,,,,,,,,,,
parallel_paths,34,32,0.0,0.01,True,2.0,0.0,,,,,,,,,,
parallel_paths,34,32,0.0,0.1,False,1.653426409720028,0.34657359027997203,,,,,,,,,,
parallel_paths,34,32,0.0,0.1,True,2.000000000000001,8.881784197001252e-16,,,,,,,,,,
parallel_paths,34,32,0.0,1.0,False,-1.465735902799726,3.465735902799726,,,,,,,,,,
parallel_paths,34,32,0.0,1.0,True,2.0000000000000004,4.440892098500626e-16,,,,,,,,,,
parallel_paths,34,32,0.0,0.028599966750267436,False,1.9008800684147193,0.09911993158528065,,,,,,,,,,
parallel_paths,34,32,0.0,0.028599966750267436,True,1.9999999999999996,4.440892098500626e-16,,,,,,,,,,
parallel_paths,34,32,0.01,0.01,False,1.9748195982224344,0.025180401777565642,,,,,,,,,,
parallel_paths,34,32,0.01,0.01,True,2.0094769572504316,0.009476957250431628,,,,,,,,,,
parallel_paths,34,32,0.01,0.1,False,1.6630982895046753,0.3369017104953247,,,,,,,,,,
parallel_paths,34,32,0.01,0.1,True,2.009671879784648,0.009671879784647786,,,,,,,,,,
parallel_paths,34,32,0.01,1.0,False,-1.4560499212121638,3.4560499212121636,,,,,,,,,,
parallel_paths,34,32,0.01,1.0,True,2.0096859815875625,0.009685981587562509,,,,,,,,,,
parallel_paths,34,32,0.01,0.028599966750267436,False,1.9105083956386981,0.08949160436130188,,,,,,,,,,
parallel_paths,34,32,0.01,0.028599966750267436,True,2.0096283272239783,0.009628327223978328,,,,,,,,,,
parallel_paths,34,32,0.1,0.01,False,1.9999859359163348,1.4064083665221716e-05,,,,,,,,,,
parallel_paths,34,32,0.1,0.01,True,2.034643294944332,0.03464329494433205,,,,,,,,,,
parallel_paths,34,32,0.1,0.1,False,1.7481959822243462,0.25180401777565375,,,,,,,,,,
parallel_paths,34,32,0.1,0.1,True,2.094769572504319,0.09476957250431894,,,,,,,,,,
parallel_paths,34,32,0.1,1.0,False,-1.3690171049532436,3.369017104953244,,,,,,,,,,
parallel_paths,34,32,0.1,1.0,True,2.096718797846483,0.09671879784648318,,,,,,,,,,
parallel_paths,34,32,0.1,0.028599966750267436,False,1.9810560820976635,0.018943917902336516,,,,,,,,,,
parallel_paths,34,32,0.1,0.028599966750267436,True,2.080176013682944,0.08017601368294391,,,,,,,,,,
parallel_paths,34,32,1.0,0.01,False,2.0,0.0,,,,,,,,,,
parallel_paths,34,32,1.0,0.01,True,2.0346573590279973,0.03465735902799727,,,,,,,,,,
parallel_paths,34,32,1.0,0.1,False,1.9998593591633425,0.00014064083665754623,,,,,,,,,,
parallel_paths,34,32,1.0,0.1,True,2.346432949443315,0.34643294944331515,,,,,,,,,,
parallel_paths,34,32,1.0,1.0,False,-0.5180401777565383,2.5180401777565384,,,,,,,,,,
parallel_paths,34,32,1.0,1.0,True,2.947695725043188,0.9476957250431881,,,,,,,,,,
parallel_paths,34,32,1.0,0.028599966750267436,False,2.0,0.0,,,,,,,,,,
parallel_paths,34,32,1.0,0.028599966750267436,True,2.0991199315852804,0.09911993158528043,,,,,,,,,,
parallel_paths,130,128,0.0,0.01,False,1.9514796973608046,0.04852030263919538,,,,,,,,,,
parallel_paths,130,128,0.0,0.01,True,2.000000000000001,8.881784197001252e-16,,,,,,,,,,
parallel_paths,130,128,0.0,0.1,False,1.5147969736080387,0.48520302639196133,,,,,,,,,,
parallel_paths,130,128,0.0,0.1,True,2.0,0.0,,,,,,,,,,
parallel_paths,130,128,0.0,1.0,False,-2.852030263919618,4.852030263919618,,,,,,,,,,
parallel_paths,130,128,0.0,1.0,True,1.9999999999999973,2.6645352591003757e-15,,,,,,,,,,
parallel_paths,130,128,0.0,0.02057692595505337,False,1.900160132527647,0.09983986747235307,,,,,,,,,,
parallel_paths,130,128,0.0,0.02057692595505337,True,1.999999999999999,1.1102230246251565e-15,,,,,,,,,,
parallel_paths,130,128,0.01,0.01,False,1.9613463496388095,0.038653650361190506,,,,,,,,,,
parallel_paths,130,128,0.01,0.01,True,2.0098666522780055,0.009866652278005539,,,,,,,,,,
parallel_paths,130,128,0.01,0.1,False,1.5247148425650678,0.47528515743493216,,,,,,,,,,
parallel_paths,130,128,0.01,0.1,True,2.0099178689570296,0.009917868957029619,,,,,,,,,,
parallel_paths,130,128,0.01,1.0,False,-2.8421087777676686,4.842108777767669,,,,,,,,,,
parallel_paths,130,128,0.01,1.0,True,2.0099214861519465,0.009921486151946546,,,,,,,,,,
parallel_paths,130,128,0.01,0.02057692595505337,False,1.910059780656085,0.08994021934391494,,,,,,,,,,
parallel_paths,130,128,0.01,0.02057692595505337,True,2.009899648128437,0.009899648128437022,,,,,,,,,,
parallel_paths,130,128,0.1,0.01,False,1.9999425076747535,5.749232524654424e-05,,,,,,,,,,
parallel_paths,130,128,0.1,0.01,True,2.0484628103139495,0.0484628103139495,,,,,,,,,,
parallel_paths,130,128,0.1,0.1,False,1.6134634963880954,0.3865365036119046,,,,,,,,,,
parallel_paths,130,128,0.1,0.1,True,2.098666522780057,0.09866652278005716,,,,,,,,,,
parallel_paths,130,128,0.1,1.0,False,-2.7528515743493176,4.752851574349318,,,,,,,,,,
parallel_paths,130,128,0.1,1.0,True,2.0991786895702975,0.09917868957029752,,,,,,,,,,
parallel_paths,130,128,0.1,0.02057692595505337,False,1.9858972943173123,0.014102705682687677,,,,,,,,,,
parallel_paths,130,128,0.1,0.02057692595505337,True,2.0857371617896643,0.08573716178966428,,,,,,,,,,
parallel_paths,130,128,1.0,0.01,False,2.0,0.0,,,,,,,,,,
parallel_paths,130,128,1.0,0.01,True,2.0485203026391963,0.04852030263919627,,,,,,,,,,
parallel_paths,130,128,1.0,0.1,False,1.9994250767475277,0.0005749232524723258,,,,,,,,,,
parallel_paths,130,128,1.0,0.1,True,2.4846281031394892,0.48462810313948923,,,,,,,,,,
parallel_paths,130,128,1.0,1.0,False,-1.8653650361190446,3.8653650361190444,,,,,,,,,,
parallel_paths,130,128,1.0,1.0,True,2.9866652278005708,0.9866652278005708,,,,,,,,,,
parallel_paths,130,128,1.0,0.02057692595505337,False,2.0,0.0,,,,,,,,,,
parallel_paths,130,128,1.0,0.02057692595505337,True,2.099839867472352,0.09983986747235196,,,,,,,,,,
triangle_copies,30,,,0.0011111111111111111,False,,,True,1.0,fixed,n^-2,0.0007701635339554258,0.00025672117798514194,0.0003850817669777129,0.00025672117798514194,0.00011412760029871905,0
triangle_copies,30,,,0.0011111111111111111,True,,,True,1.0,fixed,n^-2,0.0007701635339554258,0.0005134423559702839,0.0007701635339554258,0.0005134423559702839,0.0003705926302471167,0
triangle_copies,30,,,3.7037037037037037e-05,False,,,True,1.0,fixed,n^-3,2.5672117798469785e-05,8.557372599489929e-06,1.2836058899345915e-05,8.557372599563942e-06,3.8033092573108718e-06,0
triangle_copies,30,,,3.7037037037037037e-05,True,,,True,1.0,fixed,n^-3,2.5672117798469785e-05,1.7114745198979858e-05,2.5672117798469785e-05,1.711474519905387e-05,1.2360397084335931e-05,0
triangle_copies,30,,,0.0011111111111111111,False,,,True,0.03333333333333333,shrinking,n^-2,0.0007701635339554952,0.0002567211779851651,0.00038508176697775454,0.0002567211779851697,0.10348547861328683,0
triangle_copies,30,,,0.0011111111111111111,True,,,True,0.03333333333333333,shrinking,n^-2,0.0007701635339554952,0.0005134423559703302,0.0007701635339554952,0.0005134423559703255,0.32773489683994345,0
triangle_copies,30,,,3.7037037037037037e-05,False,,,True,0.03333333333333333,shrinking,n^-3,2.5672117798511418e-05,8.557372599503807e-06,1.2836058899262648e-05,8.557372599508431e-06,0.0034238280089624595,0
triangle_copies,30,,,3.7037037037037037e-05,True,,,True,0.03333333333333333,shrinking,n^-3,2.5672117798518357e-05,1.7114745199012238e-05,2.5672117798518357e-05,1.7114745199009924e-05,0.011117778907415499,0
triangle_copies,90,,,0.0001234567901234568,False,,,True,1.0,fixed,n^-2,8.557372599504731e-05,2.852457533168244e-05,4.2786862997523656e-05,2.852457533168244e-05,1.2677950669504057e-05,0
triangle_copies,90,,,0.0001234567901234568,True,,,True,1.0,fixed,n^-2,8.557372599504731e-05,5.704915066336488e-05,8.557372599504731e-05,5.704915066336488e-05,4.119936201008034e-05,0
triangle_copies,90,,,1.3717421124828533e-06,False,,,True,1.0,fixed,n^-3,9.508191778362374e-07,3.169397259454125e-07,4.75409589029141e-07,3.169397260194273e-07,1.4086214513338766e-07,0
triangle_copies,90,,,1.3717421124828533e-06,True,,,True,1.0,fixed,n^-3,9.508191776141928e-07,6.3387945181681e-07,9.508191776141928e-07,6.338794515947654e-07,4.5780148016927313e-07,0
triangle_copies,90,,,0.0001234567901234568,False,,,True,0.011111111111111112,shrinking,n^-2,8.557372599505425e-05,2.852457533168475e-05,4.2786862997527125e-05,2.852457533168475e-05,0.10295277276507875,0
triangle_copies,90,,,0.0001234567901234568,True,,,True,0.011111111111111112,shrinking,n^-2,8.557372599505425e-05,5.70491506633695e-05,8.557372599505425e-05,5.70491506633695e-05,0.33170872774006455,0
triangle_copies,90,,,1.3717421124828533e-06,False,,,True,0.011111111111111112,shrinking,n^-3,9.508191777217456e-07,3.1693972590724856e-07,4.754095888591381e-07,3.1693972590609204e-07,0.0011410155602457432,0
triangle_copies,90,,,1.3717421124828533e-06,True,,,True,0.011111111111111112,shrinking,n^-3,9.508191777234803e-07,6.338794518156535e-07,9.508191777234803e-07,6.338794518162318e-07,0.0037079425809167788,0
triangle_copies,300,,,1.1111111111111112e-05,False,,,True,1.0,fixed,n^-2,7.701635339696367e-06,2.567211779898789e-06,3.850817669848183e-06,2.567211779898789e-06,1.1409859424678832e-06,0
triangle_copies,300,,,1.1111111111111112e-05,True,,,True,1.0,fixed,n^-2,7.701635339474322e-06,5.134423559723563e-06,7.701635339474322e-06,5.134423559575533e-06,3.7081720922760297e-06,0
triangle_copies,300,,,3.7037037037037036e-08,False,,,True,1.0,fixed,n^-3,2.5672117986985654e-08,8.557372662328552e-09,1.2836058882470525e-08,8.557372588313683e-09,3.8032767305888155e-09,0
triangle_copies,300,,,3.7037037037037036e-08,True,,,True,1.0,fixed,n^-3,2.567211776494105e-08,1.7114745250642233e-08,2.567211776494105e-08,1.7114745176627366e-08,1.2360649022843026e-08,0
triangle_copies,300,,,1.1111111111111112e-05,False,,,True,0.0033333333333333335,shrinking,n^-2,7.70163533955412e-06,2.567211779851373e-06,3.85081766977706e-06,2.567211779851373e-06,0.10276761906673453,0
triangle_copies,300,,,1.1111111111111112e-05,True,,,True,0.0033333333333333335,shrinking,n^-2,7.701635339554987e-06,5.134423559703613e-06,7.701635339554987e-06,5.134423559703613e-06,0.3331258992271084,0
triangle_copies,300,,,3.7037037037037036e-08,False,,,True,0.0033333333333333335,shrinking,n^-3,2.5672117798768157e-08,8.557372599878507e-09,1.2836058898950398e-08,8.557372599444826e-09,0.00034229578272970684,0
triangle_copies,300,,,3.7037037037037036e-08,True,,,True,0.0033333333333333335,shrinking,n^-3,2.5672117798768157e-08,1.711474519917877e-08,2.5672117798768157e-08,1.711474519946789e-08,0.0011124516277618568,0
triangle_copies,900,,,1.234567901234568e-06,False,,,True,1.0,fixed,n^-2,8.557372599415913e-07,2.8524575331386376e-07,4.2786862985977336e-07,2.852457532398489e-07,1.2677592649742073e-07,0
triangle_copies,900,,,1.234567901234568e-06,True,,,True,1.0,fixed,n^-2,8.557372599415913e-07,5.704915066277275e-07,8.557372599415913e-07,5.704915065537127e-07,4.120213633237076e-07,0
triangle_copies,900,,,1.3717421124828533e-09,False,,,True,1.0,fixed,n^-3,9.508192011509209e-10,3.1693973371697365e-10,4.75409489553158e-10,3.169396597021053e-10,1.4086206275483923e-10,0
triangle_copies,900,,,1.3717421124828533e-09,True,,,True,1.0,fixed,n^-3,9.508192011509209e-10,6.338794674339473e-10,9.508192011509209e-10,6.33879393419079e-10,4.5780179647181285e-10,0
triangle_copies,900,,,1.234567901234568e-06,False,,,True,0.0011111111111111111,shrinking,n^-2,8.55737259950265e-07,2.85245753316755e-07,4.278686299751325e-07,2.85245753316755e-07,0.10271484026884536,0
triangle_copies,900,,,1.234567901234568e-06,True,,,True,0.0011111111111111111,shrinking,n^-2,8.557372599504818e-07,5.70491506633799e-07,8.557372599504818e-07,5.704915066338714e-07,0.33353336722245785,0
triangle_copies,900,,,1.3717421124828533e-09,False,,,True,0.0011111111111111111,shrinking,n^-3,9.50819177732154e-10,3.16939725910718e-10,4.75409588866077e-10,3.16939725910718e-10,0.00011409833390037723,0
triangle_copies,900,,,1.3717421124828533e-09,True,,,True,0.0011111111111111111,shrinking,n^-3,9.50819177732154e-10,6.33879451821436e-10,9.50819177732154e-10,6.33879451821436e-10,0.0003708192270247916,0
triangle_copies,3000,,,1.1111111111111111e-07,False,,,True,1.0,fixed,n^-2,7.701635329482315e-08,2.567211776494105e-08,3.8508176647411574e-08,2.567211776494105e-08,1.140983041381105e-08,0
triangle_copies,3000,,,1.1111111111111111e-07,True,,,True,1.0,fixed,n^-2,7.701635329482315e-08,5.13442355298821e-08,7.701635329482315e-08,5.13442355298821e-08,3.708194562523914e-08,0
triangle_copies,3000,,,3.7037037037037036e-11,False,,,True,1.0,fixed,n^-3,2.5672131087617345e-11,8.557377029205782e-12,1.283595452150621e-11,8.557303014337473e-12,3.803254008024244e-12,0
triangle_copies,3000,,,3.7037037037037036e-11,True,,,True,1.0,fixed,n^-3,2.5672131087617345e-11,1.7114754058411563e-11,2.5672131087617345e-11,1.7114680043543256e-11,1.2360631037230027e-11,0
triangle_copies,3000,,,1.1111111111111111e-07,False,,,True,0.0003333333333333333,shrinking,n^-2,7.701635339554553e-08,2.5672117798515175e-08,3.8508176697826975e-08,2.5672117798551317e-08,0.1026963804949143,0
triangle_copies,3000,,,1.1111111111111111e-07,True,,,True,0.0003333333333333333,shrinking,n^-2,7.701635339554553e-08,5.134423559703035e-08,7.701635339554553e-08,5.134423559699421e-08,0.33367625196115114,0
triangle_copies,3000,,,3.7037037037037036e-11,False,,,True,0.0003333333333333333,shrinking,n^-3,2.5672117751930623e-11,8.557372583976874e-12,1.283605893017542e-11,8.557372620116946e-12,3.4229491272223335e-05,0
triangle_copies,3000,,,3.7037037037037036e-11,True,,,True,0.0003333333333333333,shrinking,n^-3,2.5672117806140732e-11,1.7114745204093822e-11,2.5672117806140732e-11,1.7114745149883714e-11,0.00011124583670607535,0
triangle_copies,9000,,,1.234567901234568e-08,False,,,True,1.0,fixed,n^-2,8.557372588313683e-09,2.8524575294378942e-09,4.2786862941568415e-09,2.8524575294378942e-09,1.2677589348678946e-09,0
triangle_copies,9000,,,1.234567901234568e-08,True,,,True,1.0,fixed,n^-2,8.557372588313683e-09,5.7049150588757884e-09,8.557372588313683e-09,5.7049150588757884e-09,4.120216353283486e-09,0
triangle_copies,9000,,,1.3717421124828531e-12,False,,,True,1.0,fixed,n^-3,9.50794998288984e-13,3.170056809646364e-13,4.75397499144492e-13,3.169686735304822e-13,1.4092430925908653e-13,0
triangle_copies,9000,,,1.3717421124828531e-12,True,,,True,1.0,fixed,n^-3,9.50794998288984e-13,6.33863332192656e-13,9.50794998288984e-13,6.33863332192656e-13,4.577819604871062e-13,0
triangle_copies,9000,,,1.234567901234568e-08,False,,,True,0.00011111111111111112,shrinking,n^-2,8.557372599480965e-09,2.852457533160322e-09,4.278686299740483e-09,2.852457533160322e-09,0.10269110749201597,0
triangle_copies,9000,,,1.234567901234568e-08,True,,,True,0.00011111111111111112,shrinking,n^-2,8.55737259950807e-09,5.704915066347749e-09,8.55737259950807e-09,5.704915066329678e-09,0.33371710203149024,0
triangle_copies,9000,,,1.3717421124828531e-12,False,,,True,0.00011111111111111112,shrinking,n^-3,9.508191759974305e-13,3.1693973436749495e-13,4.754095879987152e-13,3.1693972984998586e-13,1.1409831131459214e-05,0
triangle_copies,9000,,,1.3717421124828531e-12,True,,,True,0.00011111111111111112,shrinking,n^-3,9.508191895499576e-13,6.338794596999717e-13,9.508191895499576e-13,6.338794551824627e-13,3.7081947690846086e-05,0
