family,n,degree,K,schedule,beta,state_max,original_readout_mae,distance_max,distance_mae,mean_max,mean_mae,closeness_mae,invalid_closeness_nodes
paths,12,2,2,fixed8,8.0,0.027429300694919154,0.03445322880388191,0.053958629886274645,0.029966824581388735,0.017994402975144208,0.017986941957397917,0.01128132135565274,0
paths,12,2,2,degree,3.295836866004329,0.48696086373294367,0.20676751676217642,0.48417143338922664,0.24750282724049688,0.1816250226612992,0.1668885685294114,0.1014998946931931,0
paths,12,2,2,order,3.7273599746820008,0.4104247877712776,0.19589155393389932,0.4028240873723674,0.2130130217106784,0.14432491560314564,0.13689685093329432,0.08357105534087561,0
paths,12,2,2,order_strong,7.4547199493640015,0.03909052490984662,0.044870007001910205,0.07047345578746911,0.03912768960848608,0.023510911753281682,0.023493268087882175,0.014717227948272201,0
barbell,8,4,3,fixed8,8.0,0.031540284629783776,0.014282639045959222,0.07757806552508395,0.03443079028517192,0.026173212660422607,0.021530889438292122,0.005899099586068629,0
barbell,8,4,3,degree,4.828313737302301,0.30395217545193254,0.10270031769176602,0.3897810492723077,0.17400889257466876,0.13803421504353386,0.10931214844334214,0.030590269535348102,0
barbell,8,4,3,order,3.1191623125197534,0.6474153047662909,0.2180187145349735,0.822790656791295,0.37122240214648033,0.29347736829297455,0.23076239031675255,0.06955962274226699,0
barbell,8,4,3,order_strong,6.238324625039507,0.11274076966533718,0.04066906143840118,0.1731234021128074,0.07954862386637347,0.05847447988733778,0.04746842058469358,0.01304660411264627,0
cycle,4,2,2,fixed8,8.0,0.017986209962091562,0.011986160977439986,0.01800040000227776,0.017981479948696144,0.005981213280511266,0.005981213280511266,0.003349407330581866,0
cycle,4,2,2,degree,3.295836866004329,0.16139047779640892,0.10056215291673531,0.18536529532718227,0.15339887195281796,0.029822008401363176,0.029822008401363176,0.016407892494893273,0
cycle,4,2,2,order,2.0794415416798357,0.2612038749637414,0.13140326121217605,0.40260149889868835,0.2140713336520926,0.05432966561369956,0.05432966561369956,0.03185858667858554,0
cycle,4,2,2,order_strong,4.1588830833596715,0.11111111111111116,0.07221254390576215,0.11729273102124438,0.10905057114106675,0.030855417126903983,0.030855417126903983,0.016963607739303388,0
star,4,3,2,fixed8,8.0,0.017986209962091562,0.009029385720005556,0.053958629886274645,0.03596525133035566,0.029982478612187613,0.026980339362362493,0.012657707743073038,0
star,4,3,2,degree,4.1588830833596715,0.11111111111111116,0.0575763138984271,0.3333333333333335,0.2187988316484222,0.1884501607910578,0.1681407395016754,0.08157591414504603,0
star,4,3,2,order,2.0794415416798357,0.2612038749637414,0.16343694679113613,0.7836116248912242,0.44334728725115236,0.5125379336248139,0.428542562797149,0.23735636040144342,0
star,4,3,2,order_strong,4.1588830833596715,0.11111111111111116,0.0575763138984271,0.3333333333333335,0.2187988316484222,0.1884501607910578,0.1681407395016754,0.08157591414504603,0
paths,36,2,2,fixed8,8.0,0.027429300694919154,0.08797845405312671,0.053958629886274645,0.029966824581388735,0.017994402975144208,0.017986941957397917,0.01128132135565274,0
paths,36,2,2,degree,3.295836866004329,0.48696086373294367,0.2383636055547283,0.48417143338922664,0.24750282724049688,0.1816250226612992,0.16688856852941136,0.1014998946931931,0
paths,36,2,2,order,5.375278407684165,0.15971963456650756,0.16640299331522584,0.19112007148882415,0.10546589107920575,0.06433112766247273,0.06382734696995336,0.03961742392039522,0
paths,36,2,2,order_strong,10.75055681536833,0.005342773943253394,0.026124589465602383,0.01382488479262678,0.007680348995880326,0.004608404495437091,0.0046082984613785944,0.0028986442637229937,0
barbell,24,12,3,fixed8,8.0,0.09335649807009111,0.04103769125772918,0.11135802145351281,0.05859919177141998,0.045250028443506896,0.04169374159116834,0.010707855634373042,0
barbell,24,12,3,degree,7.694848072384611,0.12802054378051841,0.05625142284280862,0.14891080354790542,0.07670022462734251,0.06195094155999992,0.05700863632453945,0.014751529450834577,0
barbell,24,12,3,order,4.767080745521919,0.9203157684241123,0.40406200863168246,1.0047522357528034,0.48779892459728197,0.4437506719985136,0.4071213009262003,0.13084932177368835,0
barbell,24,12,3,order_strong,9.534161491043838,0.021834003282768025,0.01001591951938228,0.03293698803003142,0.018885345475061113,0.011920900399980727,0.011097525972320407,0.0028259562363120807,0
cycle,12,2,6,fixed8,8.0,0.045574556901638225,0.04856195810239683,0.1651151418709338,0.05674429142879589,0.05020127358400739,0.05020127358400702,0.0047600168450575115,0
cycle,12,2,6,degree,3.295836866004329,0.9997350489994726,1.1750128449849193,3.60885046354759,1.2531406976825308,1.1903383389410265,1.1903383389410267,0.1746621327807811,0
cycle,12,2,6,order,3.7273599746820008,0.9999100713877637,1.1059812303856846,3.4834976723470095,1.169379914237003,1.1184128713700017,1.1184128713700014,0.15862924466208003,0
cycle,12,2,6,order_strong,7.4547199493640015,0.11471358240022182,0.08335410398963798,0.30714915029823864,0.09404354793666697,0.08549528807167306,0.08549528807167246,0.008196315916095745,0
star,12,11,2,fixed8,8.0,0.017986209962091562,0.015210468536416869,0.053958629886274645,0.0479615371788968,0.047419679538796444,0.044966566522899154,0.013702450215102191,0
star,12,11,2,degree,7.4547199493640015,0.023491151929156406,0.01995663035764454,0.07047345578746911,0.06263920689340334,0.06193481141761681,0.05873060151325225,0.01801175538507437,0
star,12,11,2,order,3.7273599746820008,0.13427469579078916,0.1261621365233135,0.4028240873723674,0.35637947443150564,0.3558242379597818,0.3373504317371598,0.1198514789160529,0
star,12,11,2,order_strong,7.4547199493640015,0.023491151929156406,0.01995663035764454,0.07047345578746911,0.06263920689340334,0.06193481141761681,0.05873060151325225,0.01801175538507437,0
paths,96,2,2,fixed8,8.0,0.027429300694919154,0.15640809543309742,0.053958629886274645,0.029966824581388735,0.017994402975144208,0.017986941957397917,0.01128132135565274,0
paths,96,2,2,degree,3.295836866004329,0.48696086373294367,0.24903891089170624,0.48417143338922664,0.24750282724049688,0.1816250226612992,0.1668885685294114,0.1014998946931931,0
paths,96,2,2,order,6.846522287201754,0.05870694201567847,0.18931378777979946,0.09472905735961357,0.052562959623756754,0.03162976523701899,0.03158327503337303,0.01974996719372753,0
paths,96,2,2,order_strong,13.693044574403508,0.0011093228814007899,0.01624447377895739,0.003186052528368677,0.0017700275448448988,0.001062018746572857,0.0010620175213629974,0.0006685246347509407,0
barbell,64,32,3,fixed8,8.0,0.646678247618547,0.3082801356946864,0.6646644575806384,0.326241994517127,0.3184883736896602,0.30854778762864604,0.09174899391533378,0
barbell,64,32,3,degree,10.489522684399441,0.029788425585692765,0.014204274843272555,0.03503681857553742,0.019417360691127386,0.014725533596521734,0.01428267439777306,0.0036005672473639616,0
barbell,64,32,3,order,6.238324625039507,0.9951781663688415,0.4744299354762608,1.037501878693635,0.5167112810222882,0.49036239402769,0.4750597526239507,0.15734481027657427,0
barbell,64,32,3,order_strong,12.476649250079014,0.00423531144733083,0.002203871169403307,0.007336049975045444,0.004488517603415903,0.0026666242011912367,0.002598376824388321,0.000653458882244478,0
cycle,32,2,16,fixed8,8.0,0.9999999979388463,0.9299811343376128,4.939715125524371,0.9328830661628754,0.9305613501534342,0.9305613501534342,0.01537838482532261,0
cycle,32,2,16,degree,3.295836866004329,0.9997353865417921,5.970627169433641,13.608850457699932,5.998759896675544,5.976475188680517,5.976475188680517,0.3171972202327075,0
cycle,32,2,16,order,5.19860385419959,0.9999977316923376,5.29653937074252,12.795595803235027,5.307779983681857,5.298778022573202,5.298778022573202,0.21682554310582447,0
cycle,32,2,16,order_strong,10.39720770839918,0.006778725205533315,0.042624482365242966,0.10006428557849922,0.04351075583088709,0.04280183966397111,0.04280183966397105,0.0006309031708331544,0
star,32,31,2,fixed8,8.0,0.017986209962091562,0.01715051691201188,0.053958629886274645,0.051709834744682666,0.051638357182330674,0.05058672074868346,0.013819873345097117,0
star,32,31,2,degree,10.39720770839918,0.005493921811082991,0.005177134105744087,0.016481765433248974,0.015795011266353506,0.015772884489273276,0.015451664776978687,0.004148900514470963,0
star,32,31,2,order,5.19860385419959,0.06918336064289915,0.0693590291253898,0.20755008192869728,0.19884952018690566,0.19867753534309762,0.19463084129784955,0.057312352417842057,0
star,32,31,2,order_strong,10.39720770839918,0.005493921811082991,0.005177134105744087,0.016481765433248974,0.015795011266353506,0.015772884489273276,0.015451664776978687,0.004148900514470963,0
paths,300,2,2,fixed8,8.0,0.027429300694919154,0.22577013267181315,0.053958629886274645,0.029966824581388732,0.017994402975144208,0.017986941957397917,0.01128132135565274,0
paths,300,2,2,degree,3.295836866004329,0.48696086373294367,0.2535143975588332,0.48417143338922664,0.24750282724049688,0.1816250226612992,0.16688856852941142,0.10149989469319308,0
paths,300,2,2,order,8.555673711984301,0.019328827144923108,0.21458589354948307,0.041048464014271424,0.02280045193015538,0.013686195436414916,0.013683069835860984,0.008589938632923308,0
paths,300,2,2,order_strong,17.111347423968603,0.00019432263498043396,0.009352075112317983,0.0005772391794576226,0.00032068842348128196,0.00019241306699413485,0.0001924130598349727,0.00012114393647725634,0
barbell,200,100,3,fixed8,8.0,0.9999692308729523,0.4924992162825685,1.017955440835044,0.51048361846677,0.4975625128272372,0.49258779158790994,0.16392964866401488,0
barbell,200,100,3,degree,13.84536155052378,0.0038340256436996314,0.0018909339020978743,0.004833723868008288,0.002877586480177306,0.0019187258431891951,0.0019008594999300765,0.00047592966355717637,0
barbell,200,100,3,order,7.947476049822054,0.9999773224774198,0.4925032487150998,1.018433309729128,0.5109573810013383,0.4975688990038438,0.49259413749654074,0.16393246000371392,0
barbell,200,100,3,order_strong,15.894952099644108,0.0006196702303295023,0.00037112582388188154,0.0013743634590128728,0.0008542293682605006,0.0005086540925076655,0.000504593667838612,0.0001263814657280482,0
