n,degree,density,seed,distribution,K,schedule,tau,normalized,probe_gap,state_max,entropy_bound,distance_max,distance_mae,mean_max,mean_mae,closeness_mae,invalid_closeness_nodes
6,2,0.2,0,unit,5,fixed.1,0.1,False,,0.2302585092994045,0.2639057329615259,1.0305765130169675e-09,5.49640880957251e-10,7.007923130686322e-10,5.496408883587378e-10,1.25585736254763e-10,0
6,2,0.2,0,unit,5,fixed.1,0.1,True,,0.2302585092994045,0.2639057329615259,0.26390573234317993,0.15286625924437403,0.19618353676050537,0.15286625924437383,0.03216298622010185,0
6,2,0.2,0,unit,5,fixed.01,0.01,False,,0.02302585092994125,0.02639057329615259,0.0,0.0,0.0,0.0,0.0,0
6,2,0.2,0,unit,5,fixed.01,0.01,True,,0.02302585092994125,0.02639057329615259,0.026390573296152686,0.015286625979401528,0.019618353746129857,0.015286625979401558,0.0034714202727146684,0
6,2,0.2,0,unit,5,size_scaled,0.04808983469629878,False,,0.11073093649624521,0.12691183073525347,0.0,0.0,0.0,0.0,0.0,0
6,2,0.2,0,unit,5,size_scaled,0.04808983469629878,True,,0.11073093649624521,0.12691183073525347,0.12691183073525347,0.07351313164135645,0.09434433886648952,0.07351313164135635,0.016150015270700535,0
6,2,0.2,0,uniform,5,fixed.1,0.1,False,,0.05001087641370994,0.2639057329615259,2.0007199674765275e-06,1.2004201209503406e-06,2.0006665333305307e-06,1.2004201207505005e-06,2.6439732431216e-07,0
6,2,0.2,0,uniform,5,fixed.1,0.1,True,,0.05001087641370994,0.2639057329615259,0.2639037323009885,0.15286505937389408,0.1961823370312754,0.15286505937389414,0.030437118426652882,0
6,2,0.2,0,uniform,5,fixed.01,0.01,False,,6.72948896607295e-08,0.02639057329615259,4.440892098500626e-16,4.4408920985006264e-17,0.0,0.0,0.0,0
6,2,0.2,0,uniform,5,fixed.01,0.01,True,,6.72948896607295e-08,0.02639057329615259,0.026390573296152686,0.015286625979401506,0.0196183537461303,0.015286625979401705,0.003276266792610736,0
6,2,0.2,0,uniform,5,size_scaled,0.04808983469629878,False,,0.006755485162391217,0.12691183073525347,8.149037000748649e-12,4.889399995988697e-12,8.148814956143724e-12,4.889200155844264e-12,1.0768978301693248e-12,0
6,2,0.2,0,uniform,5,size_scaled,0.04808983469629878,True,,0.006755485162391217,0.12691183073525347,0.12691183072710466,0.07351313163646717,0.09434433886160032,0.07351313163646722,0.015260605364089436,0
6,2,0.2,0,loguniform,5,fixed.1,0.1,False,,0.061921889135036885,0.2639057329615259,0.10129465383457394,0.04320488039868604,0.07035622379710493,0.04320488039868612,0.01356857180016613,0
6,2,0.2,0,loguniform,5,fixed.1,0.1,True,,0.061921889135036885,0.2639057329615259,0.25649485730478283,0.10966137939532888,0.15364123152430342,0.1096613793953289,0.027953408720628774,0
6,2,0.2,0,loguniform,5,fixed.01,0.01,False,,7.921438086311294e-07,0.02639057329615259,0.00018881365400286176,0.00011191233032983074,0.00018674766518533836,0.00011191233032981085,3.3444432074073806e-05,0
6,2,0.2,0,loguniform,5,fixed.01,0.01,True,,7.921438086311294e-07,0.02639057329615259,0.0262017670502257,0.015174713649071657,0.0195064414336088,0.0151747136490716,0.00422203340318079,0
6,2,0.2,0,loguniform,5,size_scaled,0.04808983469629878,False,,0.01102884184649186,0.12691183073525347,0.02637995669919469,0.01256823707877544,0.020916101964191247,0.012568237078775487,0.0038303519843969716,0
6,2,0.2,0,loguniform,5,size_scaled,0.04808983469629878,True,,0.01102884184649186,0.12691183073525347,0.12334799060469337,0.06094489456258098,0.08184359830540866,0.060944894562580974,0.016257563086355176,0
6,3,0.2,1,unit,5,fixed.1,0.1,False,2.0,0.3583518938456107,0.3931825632724326,0.06931698936648933,0.013866122638589795,0.027728612320915502,0.013866122638589884,0.0056101304066865365,0
6,3,0.2,1,unit,5,fixed.1,0.1,True,2.0,0.3583518938456107,0.3931825632724326,0.39317802214580944,0.30088477355757426,0.32310266722739844,0.3008847735575743,0.09908669754353382,0
6,3,0.2,1,unit,5,fixed.01,0.01,False,2.0,0.03583518938456187,0.039318256327243256,0.0069314718056001645,0.0013862943611199145,0.002772588722240066,0.001386294361119959,0.0005549177657115656,0
6,3,0.2,1,unit,5,fixed.01,0.01,True,2.0,0.03583518938456187,0.039318256327243256,0.03931825632724317,0.030088795258496517,0.03231049383317841,0.030088795258496465,0.01166069272865077,0
6,3,0.2,1,unit,5,size_scaled,0.03034130755422791,False,2.0,0.10872865023809819,0.11929673077208552,0.021030991785715436,0.004206198357143221,0.008412396714286174,0.0042061983571432355,0.0016877542174231763,0
6,3,0.2,1,unit,5,size_scaled,0.03034130755422791,True,2.0,0.10872865023809819,0.11929673077208552,0.11929673077208536,0.09129333908742353,0.09803426306214447,0.09129333908742343,0.034016370339878595,0
6,3,0.2,1,uniform,5,fixed.1,0.1,False,2.544968120784353,0.14163774554830866,0.3931825632724326,0.005086912307270985,0.0005070776235287437,0.0010558278833519008,0.0005070776235288991,0.00020850686307634833,0
6,3,0.2,1,uniform,5,fixed.1,0.1,True,2.544968120784353,0.14163774554830866,0.3931825632724326,0.39317905732929037,0.31424381857263534,0.3433924090165159,0.31424381857263534,0.12988539449743072,0
6,3,0.2,1,uniform,5,fixed.01,0.01,False,2.544968120784353,0.01386294361119944,0.039318256327243256,1.7763568394002505e-15,1.6283271027835628e-16,6.661338147750939e-16,1.8503717077085943e-16,9.251858538542972e-17,0
6,3,0.2,1,uniform,5,fixed.01,0.01,True,2.544968120784353,0.01386294361119944,0.039318256327243256,0.03931825632724317,0.03147508961961627,0.034389376144137396,0.0314750896196162,0.01581822002551749,0
6,3,0.2,1,uniform,5,size_scaled,0.03034130755422791,False,2.544968120784353,0.0420621376627448,0.11929673077208552,1.788310366013235e-06,1.2090648226307603e-07,3.576687632733666e-07,1.2090648238149981e-07,4.735813295223915e-08,0
6,3,0.2,1,uniform,5,size_scaled,0.03034130755422791,True,2.544968120784353,0.0420621376627448,0.11929673077208552,0.11929673077208558,0.0954994165380845,0.10434185876135693,0.09549941653808443,0.045740769931711604,0
6,3,0.2,1,loguniform,5,fixed.1,0.1,False,1.1927772490108648,0.1478290656630754,0.3931825632724326,0.08440503996622917,0.04481597470540389,0.07196848869183559,0.04481597470540386,0.10315775116310937,0
6,3,0.2,1,loguniform,5,fixed.1,0.1,True,1.1927772490108648,0.1478290656630754,0.3931825632724326,0.33807505508231406,0.2699349214907602,0.2969593659863662,0.26993492149076026,0.3648906889277293,0
6,3,0.2,1,loguniform,5,fixed.01,0.01,False,1.1927772490108648,0.013862943611528067,0.039318256327243256,0.00015040172356822756,9.924288307262205e-05,0.00014952320987626777,9.924288307259592e-05,0.00020835922604229654,0
6,3,0.2,1,loguniform,5,fixed.01,0.01,True,1.1927772490108648,0.013862943611528067,0.039318256327243256,0.03916785460367567,0.03137584673654379,0.03423985293426124,0.03137584673654383,0.057936146091266245,0
6,3,0.2,1,loguniform,5,size_scaled,0.03034130755422791,False,1.1927772490108648,0.04207262988529248,0.11929673077208552,0.00826051316798282,0.00481532811527124,0.007666766834736993,0.004815328115271207,0.010260250853149319,0
6,3,0.2,1,loguniform,5,size_scaled,0.03034130755422791,True,1.1927772490108648,0.04207262988529248,0.11929673077208552,0.11103749775909949,0.09068420932929551,0.09760518353767333,0.09068420932929559,0.15330436151294344,0
6,3,0.2,2,unit,5,fixed.1,0.1,False,1.0,0.3806662489770316,0.40604430105464195,0.0693192593887515,0.018487860585142277,0.027728612485825144,0.018487860585142252,0.009014514867498805,0
6,3,0.2,2,unit,5,fixed.1,0.1,True,1.0,0.3806662489770316,0.40604430105464195,0.4060397599279999,0.3475260282838383,0.36378061877323997,0.3475260282838382,0.13219536270680252,0
6,3,0.2,2,unit,5,fixed.01,0.01,False,1.0,0.03806662489770307,0.04060443010546419,0.006931471805599498,0.0018483924814931996,0.0027725887222398438,0.001848392481493229,0.0008891260185606523,0
6,3,0.2,2,unit,5,fixed.01,0.01,True,1.0,0.03806662489770307,0.04060443010546419,0.04060443010546422,0.034752996405404864,0.03637860677542237,0.03475299640540493,0.016023990294389483,0
6,3,0.2,2,unit,5,size_scaled,0.03034130755422791,False,1.0,0.11549911735726504,0.12319915018940399,0.021030991785715436,0.005608264476190886,0.008412396714286174,0.00560826447619082,0.002705949608609685,0
6,3,0.2,2,unit,5,size_scaled,0.03034130755422791,True,1.0,0.11549911735726504,0.12319915018940399,0.12319915018940386,0.10544513523673646,0.11037744965674001,0.10544513523673653,0.04639237759081485,0
6,3,0.2,2,uniform,5,fixed.1,0.1,False,0.3259605533738874,0.15177431181985135,0.40604430105464195,0.06063770809226465,0.014492506499529711,0.017797786438920937,0.014492506499529823,0.007794103973424689,0
6,3,0.2,2,uniform,5,fixed.1,0.1,True,0.3259605533738874,0.15177431181985135,0.40604430105464195,0.4060442403845964,0.35152138236945085,0.3649316427123679,0.35152138236945074,0.1494505777227912,0
6,3,0.2,2,uniform,5,fixed.01,0.01,False,0.3259605533738874,0.013862943611210099,0.04060443010546419,0.0015043787370385697,0.00015536358232481155,0.00030090436604557347,0.00015536358232489297,8.300672027146867e-05,0
6,3,0.2,2,uniform,5,fixed.01,0.01,True,0.3259605533738874,0.013862943611210099,0.04060443010546419,0.04060443010546422,0.03644602530457321,0.03771032441306876,0.03644602530457312,0.019020690356320664,0
6,3,0.2,2,uniform,5,size_scaled,0.03034130755422791,False,0.3259605533738874,0.042065409223604355,0.12319915018940399,0.013282587367112297,0.0021413878322333138,0.0028082212730937695,0.002141387832233351,0.001143295896207967,0
6,3,0.2,2,uniform,5,size_scaled,0.03034130755422791,True,0.3259605533738874,0.042065409223604355,0.12319915018940399,0.12319915018940397,0.10891201188069403,0.11296090605877951,0.10891201188069392,0.05401110594093319,0
6,3,0.2,2,loguniform,5,fixed.1,0.1,False,0.14723090128646943,0.1959032853902472,0.40604430105464195,0.14362373155472263,0.09962944500592424,0.11993881091077707,0.09962944500592426,8.146814699548104,0
6,3,0.2,2,loguniform,5,fixed.1,0.1,True,0.14723090128646943,0.1959032853902472,0.40604430105464195,0.3527641110184527,0.26638444386305626,0.30599615456941076,0.26638444386305626,3.0865456032114014,0
6,3,0.2,2,loguniform,5,fixed.01,0.01,False,0.14723090128646943,0.01454575698360494,0.04060443010546419,0.0019647107099952654,0.00019274905601324074,0.0004405442213825106,0.0001927490560132463,0.004588370849137731,0
6,3,0.2,2,loguniform,5,fixed.01,0.01,True,0.14723090128646943,0.01454575698360494,0.04060443010546419,0.0405699438450382,0.03640863983088481,0.03772306489644853,0.036408639830884805,0.8836729067254409,0
6,3,0.2,2,loguniform,5,size_scaled,0.03034130755422791,False,0.14723090128646943,0.04987764467155564,0.12319915018940399,0.0213186399562465,0.008521982088592301,0.010478799412143913,0.008521982088592303,0.2579739487819679,0
6,3,0.2,2,loguniform,5,size_scaled,0.03034130755422791,True,0.14723090128646943,0.04987764467155564,0.12319915018940399,0.11691675971146434,0.10253141762433506,0.10919538407137683,0.10253141762433504,1.890963329936163,0
6,4,0.6,0,unit,5,fixed.1,0.1,False,1.0,0.5030437921392421,0.5308267697401206,0.10986879757159218,0.029303795329900847,0.04394933618014196,0.029303795329900757,0.01808290505213365,0
6,4,0.6,0,unit,5,fixed.1,0.1,True,1.0,0.5030437921392421,0.5308267697401206,0.5308176876928958,0.4782831218987089,0.4933433191274432,0.478283121898709,0.21959302927596047,0
6,4,0.6,0,unit,5,fixed.01,0.01,False,1.0,0.050304379213923944,0.053082676974012054,0.010986122886680993,0.0029296327697815984,0.004394449154672353,0.0029296327697816427,0.0017688081456276687,0
6,4,0.6,0,unit,5,fixed.01,0.01,True,1.0,0.050304379213923944,0.053082676974012054,0.05308267697401203,0.04782905895307939,0.04933520982588635,0.04782905895307946,0.029323901402352952,0
6,4,0.6,0,unit,5,size_scaled,0.02404491734814939,False,1.0,0.12095646404487859,0.12763685804586325,0.026416041678686053,0.007044277780982947,0.01056641667147451,0.00704427778098297,0.00426742164036803,0
6,4,0.6,0,unit,5,size_scaled,0.02404491734814939,True,1.0,0.12095646404487859,0.12763685804586325,0.12763685804586333,0.11500457693665572,0.11862610426170406,0.11500457693665578,0.0669957829331448,0
6,4,0.6,0,uniform,5,fixed.1,0.1,False,0.24397704411861487,0.22924499637295348,0.5308267697401206,0.04215420671043946,0.007243303041621374,0.010890885400362427,0.007243303041621352,0.004468016641544559,0
6,4,0.6,0,uniform,5,fixed.1,0.1,True,0.24397704411861487,0.22924499637295348,0.5308267697401206,0.530822006463399,0.5003436141869884,0.5134847412346804,0.5003436141869884,0.23398947110492116,0
6,4,0.6,0,uniform,5,fixed.01,0.01,False,0.24397704411861487,0.014629570231039057,0.053082676974012054,2.8933675455533603e-08,2.6161767271067522e-09,5.7895759297821314e-09,2.6161767567126995e-09,1.5316004575716136e-09,0
6,4,0.6,0,uniform,5,fixed.01,0.01,True,0.24397704411861487,0.014629570231039057,0.053082676974012054,0.05308267697401203,0.05075868910668428,0.051532434403171345,0.050758689106684164,0.03227653464508353,0
6,4,0.6,0,uniform,5,size_scaled,0.02404491734814939,False,0.24397704411861487,0.04098910936685929,0.12763685804586325,0.0001507178363406858,1.583551233469057e-05,3.1149087278192766e-05,1.583551233460175e-05,9.469821489693775e-06,0
6,4,0.6,0,uniform,5,size_scaled,0.02404491734814939,True,0.24397704411861487,0.04098910936685929,0.12763685804586325,0.12763685804586322,0.12203301920530399,0.1239091240597665,0.12203301920530392,0.07338891428383959,0
6,4,0.6,0,loguniform,5,fixed.1,0.1,False,0.006137114682177917,0.274945221197313,0.5308267697401206,0.2742749357624325,0.21240866293975522,0.24344970527541304,0.21240866293975527,,6
6,4,0.6,0,loguniform,5,fixed.1,0.1,True,0.006137114682177917,0.274945221197313,0.5308267697401206,0.37498042780395524,0.2951782542888546,0.325338669754352,0.2951782542888545,10.678049184305808,0
6,4,0.6,0,loguniform,5,fixed.01,0.01,False,0.006137114682177917,0.021191966618444844,0.053082676974012054,0.004913683951178784,0.0016142897960075106,0.003945269309265739,0.0016142897960075113,0.30302203167751224,0
6,4,0.6,0,loguniform,5,fixed.01,0.01,True,0.006137114682177917,0.021191966618444844,0.053082676974012054,0.052274741330528875,0.049144401926853466,0.05081811546428407,0.04914440192685346,5.426156436070137,0
6,4,0.6,0,loguniform,5,size_scaled,0.02404491734814939,False,0.006137114682177917,0.05592668728221565,0.12763685804586325,0.02952962202240731,0.015401507748796221,0.0230728869048598,0.015401507748796226,4.110889164306518,0
6,4,0.6,0,loguniform,5,size_scaled,0.02404491734814939,True,0.006137114682177917,0.05592668728221565,0.12763685804586325,0.11420705044485206,0.10664734696884247,0.11003582957589648,0.10664734696884247,7.932253561395378,0
6,5,0.6,1,unit,5,fixed.1,0.1,False,1.0,0.49416424226093003,0.5303304908059076,0.06932606955865239,0.023113230773454396,0.027734060642369496,0.02311323077345434,0.012031521003255071,0
6,5,0.6,1,unit,5,fixed.1,0.1,True,1.0,0.49416424226093003,0.5303304908059076,0.49486690760893826,0.44681199029698887,0.49486690760893826,0.4468119902969893,0.19682357012859933,0
6,5,0.6,1,unit,5,fixed.01,0.01,False,1.0,0.04941642422609238,0.05303304908059075,0.006931471805599498,0.0023104906018664995,0.0027725887222398438,0.0023104906018665363,0.001181160930986506,0
6,5,0.6,1,unit,5,fixed.01,0.01,True,1.0,0.04941642422609238,0.05303304908059075,0.04948759890378174,0.044682031505177834,0.04948759890378174,0.04468203150517791,0.025884900678953198,0
6,5,0.6,1,unit,5,size_scaled,0.020711164485320396,False,1.0,0.10234716904229835,0.10983762026661846,0.014355885269113022,0.0047852950897043405,0.00574235410764512,0.004785295089704267,0.002451532492066625,0
6,5,0.6,1,unit,5,size_scaled,0.020711164485320396,True,1.0,0.10234716904229835,0.10983762026661846,0.1024945800879784,0.09254169040420065,0.1024945800879784,0.0925416904042008,0.05165511090998428,0
6,5,0.6,1,uniform,5,fixed.1,0.1,False,0.535783401385298,0.2736030004270189,0.5303304908059076,0.03216900322331817,0.0029851742721854683,0.0070578073060214574,0.0029851742721854015,0.0022120265857422106,0
6,5,0.6,1,uniform,5,fixed.1,0.1,True,0.535783401385298,0.2736030004270189,0.5303304908059076,0.4948753951128776,0.4669400467982578,0.4946530940023709,0.466940046798258,0.2734237711227703,0
6,5,0.6,1,uniform,5,fixed.01,0.01,False,0.535783401385298,0.016530557744398156,0.05303304908059075,6.086820976136664e-07,4.0578806522380736e-08,1.2173641961155113e-07,4.057880653718371e-08,2.96314650224024e-08,0
6,5,0.6,1,uniform,5,fixed.01,0.01,True,0.535783401385298,0.016530557744398156,0.05303304908059075,0.04948759890378174,0.04699248152823783,0.049487598903781516,0.04699248152823784,0.03813113840699869,0
6,5,0.6,1,uniform,5,size_scaled,0.020711164485320396,False,0.535783401385298,0.04237982228735149,0.10983762026661846,0.00019001532941853583,1.2667875543992402e-05,3.800321950797603e-05,1.266787554393689e-05,9.250655553220502e-06,0
6,5,0.6,1,uniform,5,size_scaled,0.020711164485320396,True,0.535783401385298,0.04237982228735149,0.10983762026661846,0.1024945800879784,0.09731431761836104,0.10249458008792833,0.09731431761836108,0.07544389908155359,0
6,5,0.6,1,loguniform,5,fixed.1,0.1,False,1.9908584601472383,0.18688283322958843,0.5303304908059076,0.160164726931433,0.10449605572827349,0.12418545251452606,0.10449605572827347,,1
6,5,0.6,1,loguniform,5,fixed.1,0.1,True,1.9908584601472383,0.18688283322958843,0.5303304908059076,0.41082046250111803,0.36542916534216985,0.37581018908634317,0.3654291653421698,4.235461840101382,0
6,5,0.6,1,loguniform,5,fixed.01,0.01,False,1.9908584601472383,0.013863776503845238,0.05303304908059075,0.0007068744293761975,0.00024119135620417827,0.0004253838103547014,0.00024119135620416973,0.009542116291763639,0
6,5,0.6,1,loguniform,5,fixed.01,0.01,True,1.9908584601472383,0.013863776503845238,0.05303304908059075,0.04933938121107856,0.04675133075084014,0.0492263318752781,0.04675133075084014,1.4254108906622989,0
6,5,0.6,1,loguniform,5,size_scaled,0.020711164485320396,False,1.9908584601472383,0.028933227541443785,0.10983762026661846,0.007480388642086416,0.0033425471006321614,0.004613591032421649,0.003342547100632159,0.13898479152051882,0
6,5,0.6,1,loguniform,5,size_scaled,0.020711164485320396,True,1.9908584601472383,0.028933227541443785,0.10983762026661846,0.09991296920803089,0.09398443839327283,0.09874137172565921,0.09398443839327285,2.29886933502206,0
6,5,0.6,2,unit,5,fixed.1,0.1,False,0.0,0.5267858159063321,0.5587248658400249,0.10987031077665033,0.02389951064233551,0.035843363137785245,0.023899510642335493,0.01384725223548335,0
6,5,0.6,2,unit,5,fixed.1,0.1,True,0.0,0.5267858159063321,0.5587248658400249,0.544228149527217,0.48815061827743783,0.5310856832105528,0.48815061827743794,0.22863294579916812,0
6,5,0.6,2,unit,5,fixed.01,0.01,False,0.0,0.05267858159063277,0.05587248658400249,0.010986122886680993,0.002389012625637399,0.0035835189384560984,0.0023890126256374358,0.001356787944266839,0
6,5,0.6,2,unit,5,fixed.01,0.01,True,0.0,0.05267858159063277,0.05587248658400249,0.05442417710521785,0.048816000266339914,0.05310965808427781,0.048816000266339955,0.031004726260018895,0
6,5,0.6,2,unit,5,size_scaled,0.020711164485320396,False,0.0,0.1091034768176975,0.11571842598451326,0.02275353981619932,0.004947923344708312,0.007421885017062424,0.004947923344708283,0.0028166736069569396,0
6,5,0.6,2,unit,5,size_scaled,0.020711164485320396,True,0.0,0.1091034768176975,0.11571842598451326,0.1127188084004378,0.10110362110316101,0.10999628643426074,0.10110362110316103,0.06158597431222442,0
6,5,0.6,2,uniform,5,fixed.1,0.1,False,0.5069494388366707,0.17140766597063006,0.5587248658400249,0.01866906380027067,0.003969677128703086,0.006980653936958792,0.003969677128703035,0.0029941499278005232,0
6,5,0.6,2,uniform,5,fixed.1,0.1,True,0.5069494388366707,0.17140766597063006,0.5587248658400249,0.5423612744977917,0.5080804517910702,0.5290938705722141,0.5080804517910703,0.2670058281609142,0
6,5,0.6,2,uniform,5,fixed.01,0.01,False,0.5069494388366707,0.01386294388605025,0.05587248658400249,7.574738614124499e-10,7.298242750882386e-11,2.084670214230755e-10,7.298224987313991e-11,5.4478292247731965e-11,0
6,5,0.6,2,uniform,5,fixed.01,0.01,True,0.5069494388366707,0.01386294388605025,0.05587248658400249,0.05442417710521785,0.051205012818994936,0.05310965808427448,0.05120501281899492,0.0372417902016041,0
6,5,0.6,2,uniform,5,size_scaled,0.020711164485320396,False,0.5069494388366707,0.028716621605023196,0.11571842598451326,7.551981874742708e-06,9.590829759709151e-07,2.452387497520192e-06,9.590829759635138e-07,7.128613214354059e-07,0
6,5,0.6,2,uniform,5,size_scaled,0.020711164485320396,True,0.5069494388366707,0.028716621605023196,0.11571842598451326,0.11271880831804637,0.10605058536489341,0.10999627745449492,0.1060505853648935,0.07372808585505104,0
6,5,0.6,2,loguniform,5,fixed.1,0.1,False,0.13664413797653918,0.29333998781324405,0.5587248658400249,0.1873820472144311,0.13218688937101236,0.17083424778723155,0.1321868893710124,,5
6,5,0.6,2,loguniform,5,fixed.1,0.1,True,0.13664413797653918,0.29333998781324405,0.5587248658400249,0.4285557854291375,0.37986323954876094,0.3948905402975224,0.37986323954876094,8.744671108881372,0
6,5,0.6,2,loguniform,5,fixed.01,0.01,False,0.13664413797653918,0.017445993791857517,0.05587248658400249,0.00011877404714250028,8.153788298462735e-05,0.00011596077783310177,8.153788298462018e-05,0.011087250917652577,0
6,5,0.6,2,loguniform,5,fixed.01,0.01,True,0.13664413797653918,0.017445993791857517,0.05587248658400249,0.05430924510379043,0.051123475008992704,0.05299369730644485,0.051123475008992704,3.956534014905467,0
6,5,0.6,2,loguniform,5,size_scaled,0.020711164485320396,False,0.13664413797653918,0.04175748030333215,0.11571842598451326,0.00412856148418228,0.0028044562575626247,0.003976476854563218,0.002804456257562621,0.3941899509939712,0
6,5,0.6,2,loguniform,5,size_scaled,0.020711164485320396,True,0.13664413797653918,0.04175748030333215,0.11571842598451326,0.10905792706122655,0.10324708819030676,0.10601980957969746,0.10324708819030676,5.798569177272706,0
12,5,0.2,0,unit,11,fixed.1,0.1,False,1.0,1.1748708796630876,1.2124585979183244,0.13863624808539043,0.01340056818255949,0.03627236660796074,0.013400568182559322,0.0024309118914099584,0
12,5,0.2,0,unit,11,fixed.1,0.1,True,1.0,1.1748708796630876,1.2124585979183244,1.1822581497792068,0.9691574302422449,1.0810341378505894,0.9691574302422447,0.12424553388528618,0
12,5,0.2,0,unit,11,fixed.01,0.01,False,1.0,0.11748708796631036,0.12124585979183243,0.01386294361119944,0.0013395476228006172,0.0036263491332402253,0.0013395476228006038,0.0002411711125808689,0
12,5,0.2,0,unit,11,fixed.01,0.01,True,1.0,0.11748708796631036,0.12124585979183243,0.11822672310019411,0.0969162522196798,0.1081040743069539,0.0969162522196797,0.017236759387818146,0
12,5,0.2,0,unit,11,size_scaled,0.004707082837572817,False,1.0,0.055302145540261805,0.057071430575289454,0.006525402395051394,0.0006305361625397827,0.001706952576812082,0.0006305361625396818,0.00011347119518019995,0
12,5,0.2,0,unit,11,size_scaled,0.004707082837572817,True,1.0,0.055302145540261805,0.057071430575289454,0.055650297924739744,0.04561928275051319,0.05088548328419562,0.045619282750513135,0.00830480576537714,0
12,5,0.2,0,uniform,11,fixed.1,0.1,False,1.7756045192381347,0.2536097115299789,1.2124585979183244,0.03582454802873025,0.0012393406632783628,0.00550943074029453,0.0012393406632779842,0.00020384664649175885,0
12,5,0.2,0,uniform,11,fixed.1,0.1,True,1.7756045192381347,0.2536097115299789,1.2124585979183244,1.1820342124555996,0.9813186577615258,1.0864322370777244,0.9813186577615259,0.10813717979062178,0
12,5,0.2,0,uniform,11,fixed.01,0.01,False,1.7756045192381347,0.023025850929939473,0.12124585979183243,2.05541052178404e-06,3.114259296908208e-08,1.8685554703523621e-07,3.114259265283673e-08,5.2030164158593335e-09,0
12,5,0.2,0,uniform,11,fixed.01,0.01,True,1.7756045192381347,0.023025850929939473,0.12124585979183243,0.11822672310019411,0.09825576869988757,0.10873420810745449,0.09825576869988772,0.01468025905614158,0
12,5,0.2,0,uniform,11,size_scaled,0.004707082837572817,False,1.7756045192381347,0.010838458773281268,0.057071430575289454,6.914380179523505e-11,1.0477527936168165e-12,6.286082765427636e-12,1.047680460904606e-12,1.7504053761996374e-13,0
12,5,0.2,0,uniform,11,size_scaled,0.004707082837572817,True,1.7756045192381347,0.010838458773281268,0.057071430575289454,0.055650297924739744,0.04624981891200538,0.05118209248397143,0.046249818912005525,0.007059267728546236,0
12,5,0.2,0,loguniform,11,fixed.1,0.1,False,0.6701150718411766,0.6513017790394829,1.2124585979183244,0.4250646698456845,0.29364485304244264,0.3580449271691386,0.29364485304244264,0.376499215155178,0
12,5,0.2,0,loguniform,11,fixed.1,0.1,True,0.6701150718411766,0.6513017790394829,1.2124585979183244,0.9561877153717482,0.6889131453823615,0.7546423439595703,0.6889131453823616,0.32773631869309766,0
12,5,0.2,0,loguniform,11,fixed.01,0.01,False,0.6701150718411766,0.04386120351166034,0.12124585979183243,0.0049820887154639615,0.0006992159317579207,0.0017978213315663627,0.0006992159317579516,0.0005854875553058062,0
12,5,0.2,0,loguniform,11,fixed.01,0.01,True,0.6701150718411766,0.04386120351166034,0.12124585979183243,0.11802380900718074,0.0975565839107225,0.10833927165254364,0.09755658391072247,0.07239313986098996,0
12,5,0.2,0,loguniform,11,size_scaled,0.004707082837572817,False,0.6701150718411766,0.016890869815661624,0.057071430575289454,0.0014537000270404554,4.648284353431263e-05,0.0001353178993761528,4.648284353431231e-05,4.410592336473451e-05,0
12,5,0.2,0,loguniform,11,size_scaled,0.004707082837572817,True,0.6701150718411766,0.016890869815661624,0.057071430575289454,0.055648060569212496,0.04620333606951864,0.05117989979235915,0.04620333606951865,0.036036265593943094,0
12,5,0.2,1,unit,11,fixed.1,0.1,False,0.0,1.2671095139494337,1.299292872452747,0.1098733384233963,0.02408434170176502,0.032587352644871004,0.02408434170176506,0.006526303130361806,0
12,5,0.2,1,unit,11,fixed.1,0.1,True,0.0,1.2671095139494337,1.299292872452747,1.2924498524981458,1.1724530306900036,1.2273415720291663,1.1724530306900036,0.20039689214850884,0
12,5,0.2,1,unit,11,fixed.01,0.01,False,0.0,0.12671095139494604,0.1299292872452747,0.01098612288668166,0.002407616538142409,0.003257744489506109,0.002407616538142532,0.0006449276740343365,0
12,5,0.2,1,unit,11,fixed.01,0.01,True,0.0,0.12671095139494604,0.1299292872452747,0.1292454394655449,0.11724612070103446,0.12273490030511813,0.1172461207010343,0.030902084715385154,0
12,5,0.2,1,unit,11,size_scaled,0.004707082837572817,False,0.0,0.05964389446436691,0.061158791809030125,0.005171259049136623,0.001133285048614803,0.0015334473175752095,0.0011332850486147812,0.00030336844320955997,0
12,5,0.2,1,unit,11,size_scaled,0.004707082837572817,True,0.0,0.05964389446436691,0.061158791809030125,0.06083689899428224,0.05518872025238292,0.057772334279743154,0.055188720252382896,0.0150297310445072,0
12,5,0.2,1,uniform,11,fixed.1,0.1,False,0.37192103737335125,0.31055608736569784,1.299292872452747,0.06838840652436229,0.004458361902395248,0.013415682904271753,0.004458361902395162,0.0014117556211877037,0
12,5,0.2,1,uniform,11,fixed.1,0.1,True,0.37192103737335125,0.31055608736569784,1.299292872452747,1.2917258472656459,1.1920790104893737,1.2395824400311748,1.1920790104893735,0.21598290136628864,0
12,5,0.2,1,uniform,11,fixed.01,0.01,False,0.37192103737335125,0.023025850963017902,0.1299292872452747,0.005876020608062138,8.932361537969139e-05,0.0005347888694871017,8.932361537959214e-05,3.0035944594677955e-05,0
12,5,0.2,1,uniform,11,fixed.01,0.01,True,0.37192103737335125,0.023025850963017902,0.1299292872452747,0.1296944959681512,0.11956441362379723,0.12436263104221257,0.11956441362379715,0.03405962411755029,0
12,5,0.2,1,uniform,11,size_scaled,0.004707082837572817,False,0.37192103737335125,0.01083845877328482,0.061158791809030125,0.002276399251269101,3.449095947196466e-05,0.0002069454626354439,3.4490959471851955e-05,1.1591456996913144e-05,0
12,5,0.2,1,uniform,11,size_scaled,0.004707082837572817,True,0.37192103737335125,0.01083845877328482,0.061158791809030125,0.06105418086217651,0.0562875143415258,0.05853905764435097,0.0562875143415257,0.01660030233275803,0
12,5,0.2,1,loguniform,11,fixed.1,0.1,False,0.2660193885761942,0.5288846506412319,1.299292872452747,0.3371512771450743,0.20945313706705357,0.294224309395437,0.2094531370670536,1.9171274768613744,0
12,5,0.2,1,loguniform,11,fixed.1,0.1,True,0.2660193885761942,0.5288846506412319,1.299292872452747,1.1572982252244521,0.9870842353247151,1.044092297763958,0.9870842353247151,1.3254609424319395,0
12,5,0.2,1,loguniform,11,fixed.01,0.01,False,0.2660193885761942,0.03788456389693928,0.1299292872452747,0.004684458116749557,0.00019514470115023272,0.0005845780300350323,0.00019514470115017854,0.0008898024174307887,0
12,5,0.2,1,loguniform,11,fixed.01,0.01,True,0.2660193885761942,0.03788456389693928,0.1299292872452747,0.12924541914952808,0.11945859253802664,0.12385259684189148,0.11945859253802665,0.40227328018446,0
12,5,0.2,1,loguniform,11,size_scaled,0.004707082837572817,False,0.2660193885761942,0.01400617561007339,0.061158791809030125,0.0012330281489076889,1.9092522637494483e-05,0.00011269069120406483,1.909252263748255e-05,9.852498300907953e-05,0
12,5,0.2,1,loguniform,11,size_scaled,0.004707082837572817,True,0.2660193885761942,0.01400617561007339,0.061158791809030125,0.060836898994280686,0.0563029127783602,0.05842671224379414,0.05630291277836025,0.21338522696525306,0
12,5,0.2,2,unit,11,fixed.1,0.1,False,1.0,1.134469614453339,1.1755848113892031,0.179181246086217,0.02259548487528871,0.06254448400383872,0.022595484875288747,0.004268570360897811,0
12,5,0.2,2,unit,11,fixed.1,0.1,True,1.0,1.134469614453339,1.1755848113892031,1.1495306533903094,0.9904486653455152,1.0756695711973083,0.9904486653455153,0.1410248269284118,0
12,5,0.2,2,unit,11,fixed.01,0.01,False,1.0,0.11344696144533373,0.11755848113892031,0.017917594692280048,0.0022590060452618173,0.006253959822236865,0.002259006045261821,0.0004217922602939711,0
12,5,0.2,2,unit,11,fixed.01,0.01,True,1.0,0.11344696144533373,0.11755848113892031,0.11495351951353072,0.09904540897681859,0.10756739065017151,0.09904540897681845,0.019856484923214877,0
12,5,0.2,2,unit,11,size_scaled,0.004707082837572817,False,1.0,0.05340042451941329,0.05533575089801395,0.008433960246662764,0.0010633328585626562,0.002943790694611703,0.0010633328585625639,0.00019840619950776497,0
12,5,0.2,2,unit,11,size_scaled,0.004707082837572817,True,1.0,0.05340042451941329,0.05533575089801395,0.05410957388207316,0.04662149447351617,0.05063286184119109,0.04662149447351627,0.009579130966428406,0
12,5,0.2,2,uniform,11,fixed.1,0.1,False,0.8455624962653525,0.3981473991009725,1.1755848113892031,0.05534310983368673,0.005802298760676795,0.010810761333320595,0.005802298760676838,0.0011904552344324988,0
12,5,0.2,2,uniform,11,fixed.1,0.1,True,0.8455624962653525,0.3981473991009725,1.1755848113892031,1.149535114511166,1.007241851460127,1.0824388094059796,1.0072418514601273,0.14785108541318678,0
12,5,0.2,2,uniform,11,fixed.01,0.01,False,0.8455624962653525,0.024886863327528097,0.11755848113892031,0.0004446303212599645,1.0957460462841247e-05,4.043394676811474e-05,1.095746046290517e-05,2.0803130770102873e-06,0
12,5,0.2,2,uniform,11,fixed.01,0.01,True,0.8455624962653525,0.024886863327528097,0.11755848113892031,0.1149535195135305,0.10129345756161762,0.1088274874377515,0.10129345756161766,0.021036144785461373,0
12,5,0.2,2,uniform,11,size_scaled,0.004707082837572817,False,0.8455624962653525,0.010875252512746236,0.05533575089801395,6.618581671169466e-06,1.3519927619698782e-07,6.016892646343308e-07,1.3519927621885586e-07,2.4890860294187373e-08,0
12,5,0.2,2,uniform,11,size_scaled,0.004707082837572817,True,0.8455624962653525,0.010875252512746236,0.05533575089801395,0.05410957388207316,0.04768469213280269,0.051226080236329796,0.04768469213280271,0.010154121344351466,0
12,5,0.2,2,loguniform,11,fixed.1,0.1,False,0.00575412481674431,0.6193736013379589,1.1755848113892031,0.44334282136710956,0.31641694748663673,0.39187042911743813,0.3164169474866368,1.3553673727364102,0
12,5,0.2,2,loguniform,11,fixed.1,0.1,True,0.00575412481674431,0.6193736013379589,1.1755848113892031,0.9866934194090171,0.696627202734167,0.7353315376206184,0.696627202734167,0.6051528098789992,0
12,5,0.2,2,loguniform,11,fixed.01,0.01,False,0.00575412481674431,0.03085753971966332,0.11755848113892031,0.009013577351249746,0.0016272519585474577,0.004136970359500447,0.0016272519585475338,0.0026976129382070835,0
12,5,0.2,2,loguniform,11,fixed.01,0.01,True,0.00575412481674431,0.03085753971966332,0.11755848113892031,0.11471268759171746,0.09967716306353291,0.10755982589231017,0.0996771630635329,0.15470684647593905,0
12,5,0.2,2,loguniform,11,size_scaled,0.004707082837572817,False,0.00575412481674431,0.011189646484364824,0.05533575089801395,0.002412777690826373,0.0004195516895908183,0.00110149292982753,0.0004195516895908376,0.0006909611619888937,0
12,5,0.2,2,loguniform,11,size_scaled,0.004707082837572817,True,0.00575412481674431,0.011189646484364824,0.05533575089801395,0.054020906551185424,0.047265275642488024,0.05089781422322248,0.04726527564248798,0.07879768430607136,0
12,9,0.6,0,unit,11,fixed.1,0.1,False,0.0,1.9746542771329771,1.9895103500672573,0.19461047813555,0.050337825432730535,0.06388636548777282,0.05033782543273052,0.027631877965044644,0
12,9,0.6,0,unit,11,fixed.1,0.1,True,0.0,1.9746542771329771,1.9895103500672573,1.9866185084435735,1.887326875652239,1.9339730877689398,1.8873268756522394,0.43152870708454755,0
12,9,0.6,0,unit,11,fixed.01,0.01,False,0.0,0.19746542771329878,0.19895103500672573,0.01945910149055341,0.0050316684500082585,0.0063868530133079915,0.005031668450008316,0.002669315526565297,0
12,9,0.6,0,unit,11,fixed.01,0.01,True,0.0,0.19746542771329878,0.19895103500672573,0.19866502930333074,0.1887348016584887,0.1933997155407703,0.18873480165848874,0.0913101666426165,0
12,9,0.6,0,unit,11,size_scaled,0.00344787585843499,False,0.0,0.06808362810882151,0.06859584706103443,0.006709256625611282,0.0017348568176431924,0.0022021076315956734,0.0017348568176432007,0.0009181075014664438,0
12,9,0.6,0,unit,11,size_scaled,0.00344787585843499,True,0.0,0.06808362810882151,0.06859584706103443,0.06849723584502332,0.06507341662848198,0.06668182102412157,0.06507341662848193,0.03428240380652023,0
12,9,0.6,0,uniform,11,fixed.1,0.1,False,1.0835026505326357,0.5328828989752603,1.9895103500672573,0.09478204237746324,0.01032979081172629,0.01796312090914287,0.010329790811726228,0.006880701970947867,0
12,9,0.6,0,uniform,11,fixed.1,0.1,True,1.0835026505326357,0.5328828989752603,1.9895103500672573,1.9866384963069137,1.927334910273243,1.9592811163117008,1.9273349102732436,0.5046162300968503,0
12,9,0.6,0,uniform,11,fixed.01,0.01,False,1.0835026505326357,0.02302601958074124,0.19895103500672573,0.0039838442550239606,7.16158385135646e-05,0.0003803118926983817,7.161583851349647e-05,3.855291531394226e-05,0
12,9,0.6,0,uniform,11,fixed.01,0.01,True,1.0835026505326357,0.02302601958074124,0.19895103500672573,0.19866502930333074,0.19369485426998342,0.19612310851672632,0.19369485426998345,0.11429883698822672,0
12,9,0.6,0,uniform,11,size_scaled,0.00344787585843499,False,1.0835026505326357,0.007939027554125566,0.06859584706103443,0.00040872787596635263,6.202462928006299e-06,3.716079557958274e-05,6.202462928012187e-06,3.063968569796035e-06,0
12,9,0.6,0,uniform,11,size_scaled,0.00344787585843499,True,1.0835026505326357,0.007939027554125566,0.06859584706103443,0.06849723584502332,0.06680207098319718,0.06762081311360535,0.06680207098319722,0.04344135540167223,0
12,9,0.6,0,loguniform,11,fixed.1,0.1,False,0.03914713664509667,1.0150693153254713,1.9895103500672573,0.8602700709488086,0.7662570267000156,0.8116065427912706,0.7662570267000156,,12
12,9,0.6,0,loguniform,11,fixed.1,0.1,True,0.03914713664509667,1.0150693153254713,1.9895103500672573,1.3210244128911968,1.171407674384954,1.2176586885519927,1.1714076743849537,8.879163014824915,0
12,9,0.6,0,loguniform,11,fixed.01,0.01,False,0.03914713664509667,0.05842125328132719,0.19895103500672573,0.007088362841405682,0.0023519990420723795,0.004666452064696805,0.0023519990420723786,0.21779799923450302,0
12,9,0.6,0,loguniform,11,fixed.01,0.01,True,0.03914713664509667,0.05842125328132719,0.19895103500672573,0.1971832603656279,0.19141447106642456,0.19426041996883053,0.1914144710664246,6.319300291880684,0
12,9,0.6,0,loguniform,11,size_scaled,0.00344787585843499,False,0.03914713664509667,0.015899502650177866,0.06859584706103443,0.0018774925310268975,0.00024000605608462264,0.0008777756575580192,0.00024000605608461936,0.019904366957875785,0
12,9,0.6,0,loguniform,11,size_scaled,0.00344787585843499,True,0.03914713664509667,0.015899502650177866,0.06859584706103443,0.06845147730950801,0.06656826739004056,0.06757768956135625,0.06656826739004056,3.8626766246616975,0
12,9,0.6,1,unit,11,fixed.1,0.1,False,0.0,2.016294674024733,2.0304162235969243,0.1946130734101359,0.052069672087230005,0.06613330739606837,0.05206967208722992,0.030928392713827312,0
12,9,0.6,1,unit,11,fixed.1,0.1,True,0.0,2.016294674024733,2.0304162235969243,2.021902098449156,1.9411993709588824,1.9792107678192037,1.9411993709588824,0.45437559865089433,0
12,9,0.6,1,unit,11,fixed.01,0.01,False,0.0,0.20162946740247456,0.20304162235969242,0.01945910149055341,0.005204842404930731,0.006611271265972718,0.005204842404930706,0.0029806638736971556,0
12,9,0.6,1,unit,11,fixed.01,0.01,True,0.0,0.20162946740247456,0.20304162235969242,0.20219338826269495,0.1941220618996805,0.19792354690725866,0.19412206189968054,0.0983591381487341,0
12,9,0.6,1,unit,11,size_scaled,0.00344787585843499,False,0.0,0.06951933730060844,0.07000623079914575,0.006709256625611282,0.0017945650474918931,0.0022794842591513653,0.001794565047491888,0.0010250219695677465,0
12,9,0.6,1,unit,11,size_scaled,0.00344787585843499,True,0.0,0.06951933730060844,0.07000623079914575,0.06971377021261183,0.06693087708135316,0.06824158191973617,0.06693087708135315,0.037062428739053764,0
12,9,0.6,1,uniform,11,fixed.1,0.1,False,0.13164750603955655,0.3161263923382398,2.0304162235969243,0.09173057825263387,0.013365219048800022,0.025822436168157603,0.013365219048800059,0.008906324674910463,0
12,9,0.6,1,uniform,11,fixed.1,0.1,True,0.13164750603955655,0.3161263923382398,2.0304162235969243,2.020862444657656,1.9799038239973126,1.9987471749445587,1.9799038239973124,0.503431651977043,0
12,9,0.6,1,uniform,11,fixed.01,0.01,False,0.13164750603955655,0.023025850940179282,0.20304162235969242,0.0037794339701291424,0.00010588178169629314,0.0003529629176175497,0.00010588178169629314,6.66104696241121e-05,0
12,9,0.6,1,uniform,11,fixed.01,0.01,True,0.13164750603955655,0.023025850940179282,0.20304162235969242,0.20219338826269473,0.19922102252291496,0.20100617452029645,0.19922102252291493,0.11435103782623561,0
12,9,0.6,1,uniform,11,size_scaled,0.00344787585843499,False,0.13164750603955655,0.00793902755412823,0.07000623079914575,0.00034329208777461595,6.330221596102256e-06,3.120862800543023e-05,6.330221596147674e-06,3.911122203252108e-06,0
12,9,0.6,1,uniform,11,size_scaled,0.00344787585843499,True,0.13164750603955655,0.00793902755412823,0.07000623079914575,0.06971377021261183,0.06871911190724897,0.06930766405807454,0.0687191119072489,0.04346160282048619,0
12,9,0.6,1,loguniform,11,fixed.1,0.1,False,0.10587987977915111,0.9776507365048415,2.0304162235969243,0.8391835678093941,0.7423204129863807,0.7801601569801132,0.7423204129863809,,12
12,9,0.6,1,loguniform,11,fixed.1,0.1,True,0.10587987977915111,0.9776507365048415,2.0304162235969243,1.4049983100071068,1.2509486300597317,1.3123698521047875,1.2509486300597314,9.312787623058146,0
12,9,0.6,1,loguniform,11,fixed.01,0.01,False,0.10587987977915111,0.0414685718598613,0.20304162235969242,0.007335467746519039,0.0013565885135224589,0.0018762232510724508,0.001356588513522455,0.14352058760092676,0
12,9,0.6,1,loguniform,11,fixed.01,0.01,True,0.10587987977915111,0.0414685718598613,0.20304162235969242,0.20204275012985984,0.19797031579108876,0.20021375978290318,0.19797031579108879,6.718713937041172,0
12,9,0.6,1,loguniform,11,size_scaled,0.00344787585843499,False,0.10587987977915111,0.010213683537331208,0.07000623079914575,0.0021698541327620224,7.423758480850453e-05,0.00039507678311798133,7.423758480850386e-05,0.008895126351186574,0
12,9,0.6,1,loguniform,11,size_scaled,0.00344787585843499,True,0.10587987977915111,0.010213683537331208,0.07000623079914575,0.0697137667973983,0.06865120454403656,0.06930188861683155,0.06865120454403655,4.157849574563717,0
12,9,0.6,2,unit,11,fixed.1,0.1,False,1.0,1.9598891112230792,1.9750547394203857,0.17919940959744696,0.045921855675802384,0.05876150912370637,0.04592185567580235,0.024971683491574054,0
12,9,0.6,2,unit,11,fixed.1,0.1,True,1.0,1.9598891112230792,1.9750547394203857,1.963240227318658,1.8698803225809821,1.9154785538282566,1.869880322580982,0.42324013575982117,0
12,9,0.6,2,unit,11,fixed.01,0.01,False,1.0,0.1959889111223081,0.19750547394203857,0.017917594692280714,0.004589934299182762,0.0058740619785035975,0.004589934299182845,0.0024198937028594805,0
12,9,0.6,2,unit,11,fixed.01,0.01,True,1.0,0.1959889111223081,0.19750547394203857,0.19632674728427157,0.18699028352649566,0.19155016927803747,0.1869902835264957,0.08870588202101169,0
12,9,0.6,2,unit,11,size_scaled,0.00344787585843499,False,1.0,0.06757454351795644,0.06809743555135157,0.006177764218073589,0.0015825523661954525,0.00202530364866349,0.0015825523661955148,0.0008325052771542921,0
12,9,0.6,2,unit,11,size_scaled,0.00344787585843499,True,1.0,0.06757454351795644,0.06809743555135157,0.0676910252326508,0.06447192843329189,0.066044120433288,0.06447192843329182,0.03325011741608964,0
12,9,0.6,2,uniform,11,fixed.1,0.1,False,1.4750407491798536,0.39784505495885725,1.9750547394203857,0.08924707731247494,0.01459778380781874,0.022160406995710424,0.014597783807818768,0.009283218400819656,0
12,9,0.6,2,uniform,11,fixed.1,0.1,True,1.4750407491798536,0.39784505495885725,1.9750547394203857,1.963035945047673,1.9012043944489654,1.9374223972403684,1.9012043944489652,0.48992420286213445,0
12,9,0.6,2,uniform,11,fixed.01,0.01,False,1.4750407491798536,0.023029131798989688,0.19750547394203857,0.005723370120462867,0.0001890864331907761,0.0005237891692726482,0.000189086433190766,0.00011499088788429386,0
12,9,0.6,2,uniform,11,fixed.01,0.01,True,1.4750407491798536,0.023029131798989688,0.19750547394203857,0.19632674728427157,0.19139113139248765,0.19427356202655033,0.19139113139248756,0.10877091464607935,0
12,9,0.6,2,uniform,11,size_scaled,0.00344787585843499,False,1.4750407491798536,0.007939027554538569,0.06809743555135157,0.0013349808440332733,3.7589511786112976e-05,0.00012136192155765002,3.758951178608102e-05,2.2674868254348352e-05,0
12,9,0.6,2,uniform,11,size_scaled,0.00344787585843499,True,1.4750407491798536,0.007939027554538569,0.06809743555135157,0.0676910252326508,0.06601689128770123,0.066983112522772,0.06601689128770122,0.04116968395074433,0
12,9,0.6,2,loguniform,11,fixed.1,0.1,False,0.19231855770710274,0.8298040478378739,1.9750547394203857,0.677615420186487,0.6077009183640834,0.627520444454351,0.6077009183640835,,12
12,9,0.6,2,loguniform,11,fixed.1,0.1,True,0.19231855770710274,0.8298040478378739,1.9750547394203857,1.438356863828331,1.3081012598927007,1.334172280137595,1.3081012598927009,8.135693948278073,0
12,9,0.6,2,loguniform,11,fixed.01,0.01,False,0.19231855770710274,0.027896956803977357,0.19750547394203857,0.00548014147987215,0.0007128391024626353,0.0014570851361061093,0.0007128391024626389,0.056600860295078416,0
12,9,0.6,2,loguniform,11,fixed.01,0.01,True,0.19231855770710274,0.027896956803977357,0.19750547394203857,0.19629438066792765,0.1908673787232158,0.19356507136514467,0.19086737872321577,5.593286013078127,0
12,9,0.6,2,loguniform,11,size_scaled,0.00344787585843499,False,0.19231855770710274,0.0071055467003033335,0.06809743555135157,0.0010556448925961165,4.518593326988639e-05,9.829242021371087e-05,4.518593326988234e-05,0.00352770144928094,0
12,9,0.6,2,loguniform,11,size_scaled,0.00344787585843499,True,0.19231855770710274,0.0071055467003033335,0.06809743555135157,0.06769101594386111,0.06600929486621744,0.0669118839120159,0.06600929486621744,3.326120737668742,0
24,9,0.2,0,unit,23,fixed.1,0.1,False,1.0,4.058761632955953,4.075673019595602,0.2398109955318386,0.04844746730321454,0.0683144248550902,0.048447467303214614,0.01275047285035621,0
24,9,0.2,0,unit,23,fixed.1,0.1,True,1.0,4.058761632955953,4.075673019595602,4.0678343030154345,3.880640997140896,3.94655224537635,3.8806409971408957,0.33612148891615595,0
24,9,0.2,0,unit,23,fixed.01,0.01,False,1.0,0.4058761632955985,0.4075673019595602,0.02397895272798367,0.004842682768938937,0.006829542432585267,0.004842682768939029,0.001245263314346802,0
24,9,0.2,0,unit,23,fixed.01,0.01,True,1.0,0.4058761632955985,0.4075673019595602,0.4067847929075392,0.3880661636754721,0.3946570936230682,0.38806616367547203,0.08399658144724727,0
24,9,0.2,0,unit,23,size_scaled,0.0008244920531040192,False,1.0,0.033464167118154364,0.033603600157070354,0.0019770455965981704,0.00039927534586954,0.00056309034620039,0.00039927534586960595,0.00010243172830526105,0
24,9,0.2,0,unit,23,size_scaled,0.0008244920531040192,True,1.0,0.033464167118154364,0.033603600157070354,0.03353908290758301,0.03199574680289888,0.03253916373933441,0.03199574680289877,0.008183857912782965,0
24,9,0.2,0,uniform,23,fixed.1,0.1,False,1.4369762178845953,0.7641268512456723,4.075673019595602,0.15975013233716506,0.014599552869605658,0.028679320303836242,0.014599552869605681,0.004193345581713165,0
24,9,0.2,0,uniform,23,fixed.1,0.1,True,1.4369762178845953,0.7641268512456723,4.075673019595602,4.067835661246279,3.9144889115745043,3.984606170752234,3.9144889115745047,0.35948791052625456,0
24,9,0.2,0,uniform,23,fixed.01,0.01,False,1.4369762178845953,0.030910604176156653,0.4075673019595602,0.00485547352201765,0.00016256881326714547,0.0010628588612653367,0.00016256881326708514,4.5187201736155334e-05,0
24,9,0.2,0,uniform,23,fixed.01,0.01,True,1.4369762178845953,0.030910604176156653,0.4075673019595602,0.4067847929075393,0.39274627763114395,0.3999119128362032,0.3927462776311439,0.09293518860068707,0
24,9,0.2,0,uniform,23,size_scaled,0.0008244920531040192,False,1.4369762178845953,0.0025485399385996033,0.033603600157070354,2.7560619493272043e-06,4.997877186021226e-08,5.991439020469613e-07,4.9978771834065704e-08,1.3398512931084294e-08,0
24,9,0.2,0,uniform,23,size_scaled,0.0008244920531040192,True,1.4369762178845953,0.0025485399385996033,0.033603600157070354,0.03353908290758301,0.032394972169996594,0.03297303598159895,0.03239497216999665,0.009154521133419179,0
24,9,0.2,0,loguniform,23,fixed.1,0.1,False,0.06163601764397664,1.9630500271004192,4.075673019595602,1.5501180963826524,1.3870073512615746,1.4879251536367353,1.3870073512615748,,24
24,9,0.2,0,loguniform,23,fixed.1,0.1,True,0.06163601764397664,1.9630500271004192,4.075673019595602,3.146991518765158,2.542081113182536,2.69706697081559,2.5420811131825354,4.228290809714591,0
24,9,0.2,0,loguniform,23,fixed.01,0.01,False,0.06163601764397664,0.10942872573153584,0.4075673019595602,0.012744266734376009,0.0018009666192540315,0.004456598605766526,0.0018009666192540334,0.03809673787975676,0
24,9,0.2,0,loguniform,23,fixed.01,0.01,True,0.06163601764397664,0.10942872573153584,0.4075673019595602,0.4062341996824892,0.391107879825157,0.3991456334862842,0.391107879825157,2.980764692422094,0
24,9,0.2,0,loguniform,23,size_scaled,0.0008244920531040192,False,0.06163601764397664,0.002854384644570218,0.033603600157070354,0.00047386623407719153,2.1634674397682484e-05,0.00017759799466415815,2.163467439767382e-05,0.0003912624619334948,0
24,9,0.2,0,loguniform,23,size_scaled,0.0008244920531040192,True,0.06163601764397664,0.002854384644570218,0.033603600157070354,0.03353908290758312,0.032373387474370754,0.032973035772178444,0.03237338747437074,0.6305479677557156,0
24,9,0.2,1,unit,23,fixed.1,0.1,False,0.0,4.080487442953988,4.097179521765991,0.23028303151173235,0.046426037444231356,0.06353644515533596,0.046426037444231384,0.013266479619341735,0
24,9,0.2,1,unit,23,fixed.1,0.1,True,0.0,4.080487442953988,4.097179521765991,4.094707638914328,3.9280363397496796,3.9934424288857526,3.92803633974968,0.3598196434261343,0
24,9,0.2,1,unit,23,fixed.01,0.01,False,0.0,0.4080487442954066,0.4097179521765991,0.023025850929940805,0.00464056967881968,0.006351884915773098,0.004640569678819771,0.001296193035574519,0
24,9,0.2,1,unit,23,fixed.01,0.01,True,0.0,0.4080487442954066,0.4097179521765991,0.4094730342074875,0.3928056680405715,0.39934632251604363,0.39280566804057143,0.09251058659737121,0
24,9,0.2,1,unit,23,size_scaled,0.0008244920531040192,False,0.0,0.03364329469506799,0.03378091955836585,0.0018984631107699101,0.0003826112822063884,0.0005237078635289549,0.0003826112822064483,0.00010662560881747006,0
24,9,0.2,1,unit,23,size_scaled,0.0008244920531040192,True,0.0,0.03364329469506799,0.03378091955836585,0.03376072626644633,0.032386515171366495,0.03292578693507919,0.032386515171366474,0.009092397984777227,0
24,9,0.2,1,uniform,23,fixed.1,0.1,False,0.27560618542643134,0.7152138879957608,4.097179521765991,0.11974650930180841,0.014395183402054838,0.027366947017249732,0.01439518340205484,0.004496109928560807,0
24,9,0.2,1,uniform,23,fixed.1,0.1,True,0.27560618542643134,0.7152138879957608,4.097179521765991,4.094722845590516,3.9600671937918563,4.016617673078773,3.9600671937918563,0.3816837136528302,0
24,9,0.2,1,uniform,23,fixed.01,0.01,False,0.27560618542643134,0.03091160187968711,0.4097179521765991,0.007377333936550379,0.000168387062798607,0.0006004731438733479,0.00016838706279865648,4.954824364320626e-05,0
24,9,0.2,1,uniform,23,fixed.01,0.01,True,0.27560618542643134,0.03091160187968711,0.4097179521765991,0.4094730342074875,0.39727785065659255,0.40312883574019054,0.39727785065659255,0.10107313063785046,0
24,9,0.2,1,uniform,23,size_scaled,0.0008244920531040192,False,0.27560618542643134,0.0025485399385996033,0.03378091955836585,0.00023811806463314156,9.412637815789825e-07,1.0353375927252273e-05,9.412637815934636e-07,2.7068801439905643e-07,0
24,9,0.2,1,uniform,23,size_scaled,0.0008244920531040192,True,0.27560618542643134,0.0025485399385996033,0.03378091955836585,0.03376072626644633,0.03276818518979135,0.033253027698276316,0.03276818518979127,0.010030284590151109,0
24,9,0.2,1,loguniform,23,fixed.1,0.1,False,0.013249964344433651,2.306156463643725,4.097179521765991,1.89414801268837,1.7234086287247383,1.8223216416851822,1.723408628724738,,24
24,9,0.2,1,loguniform,23,fixed.1,0.1,True,0.013249964344433651,2.306156463643725,4.097179521765991,3.044562894337354,2.2510537484691735,2.3569369429702594,2.2510537484691735,4.745704966790502,0
24,9,0.2,1,loguniform,23,fixed.01,0.01,False,0.013249964344433651,0.09296888876987303,0.4097179521765991,0.009334526144313432,0.0015912567312884737,0.0026361221627659304,0.001591256731288463,0.04699445438043321,0
24,9,0.2,1,loguniform,23,fixed.01,0.01,True,0.013249964344433651,0.09296888876987303,0.4097179521765991,0.4084709032074409,0.3958549809881026,0.4018354622268139,0.3958549809881027,3.4945051890598937,0
24,9,0.2,1,loguniform,23,size_scaled,0.0008244920531040192,False,0.013249964344433651,0.002630214022047106,0.03378091955836585,0.0002615592164797176,7.98438848637947e-06,3.667489865311069e-05,7.984388486369462e-06,0.0002550481221820315,0
24,9,0.2,1,loguniform,23,size_scaled,0.0008244920531040192,True,0.013249964344433651,0.002630214022047106,0.03378091955836585,0.03376072626644636,0.03276114206508652,0.03324867707737822,0.03276114206508653,0.7887420169459398,0
24,11,0.2,2,unit,23,fixed.1,0.1,False,0.0,4.346666223637328,4.361407449774415,0.2772844179543452,0.05283524999469694,0.07873878913500487,0.05283524999469694,0.016516450945087073,0
24,11,0.2,2,unit,23,fixed.1,0.1,True,0.0,4.346666223637328,4.361407449774415,4.360843921105031,4.180324351097214,4.240453375001964,4.180324351097215,0.3837287990077837,0
24,11,0.2,2,unit,23,fixed.01,0.01,False,0.0,0.43466662236372855,0.4361407449774415,0.027725887222398438,0.005281196619605835,0.007872105594671552,0.005281196619605855,0.0016058537815387824,0
24,11,0.2,2,unit,23,fixed.01,0.01,True,0.0,0.43466662236372855,0.4361407449774415,0.4360871166010827,0.41803476348958524,0.42404758255651953,0.4180347634895852,0.10352526608636652,0
24,11,0.2,2,unit,23,size_scaled,0.0007554934627250839,False,0.0,0.032838779166059595,0.032950148165850505,0.002094672654477492,0.0003989909521478357,0.0005947324314656832,0.0003989909521478763,0.00012098250672564158,0
24,11,0.2,2,unit,23,size_scaled,0.0007554934627250839,True,0.0,0.032838779166059595,0.032950148165850505,0.032946096577074924,0.03158225310082079,0.032036517650582574,0.03158225310082077,0.009483945899320452,0
24,11,0.2,2,uniform,23,fixed.1,0.1,False,0.23977069274654816,1.2543129343319812,4.361407449774415,0.12398335955550577,0.017639582749749395,0.028576669971209778,0.017639582749749416,0.006577714073655129,0
24,11,0.2,2,uniform,23,fixed.1,0.1,True,0.23977069274654816,1.2543129343319812,4.361407449774415,4.3571835969956325,4.215520018342162,4.277864094149737,4.215520018342162,0.4332687587927111,0
24,11,0.2,2,uniform,23,fixed.01,0.01,False,0.23977069274654816,0.07781057709429362,0.4361407449774415,0.00410398989773153,0.00010024259169377528,0.00028942693096012384,0.00010024259169374068,3.9009366799895584e-05,0
24,11,0.2,2,uniform,23,fixed.01,0.01,True,0.23977069274654816,0.07781057709429362,0.4361407449774415,0.4360871166010827,0.4232157175174973,0.4294205071858612,0.4232157175174973,0.12383680100298657,0
24,11,0.2,2,uniform,23,size_scaled,0.0007554934627250839,False,0.23977069274654816,0.0023377711758545416,0.032950148165850505,9.513101084657194e-08,5.017712948039649e-10,4.1361307712151074e-09,5.017712634280969e-10,2.079766844853559e-10,0
24,11,0.2,2,uniform,23,size_scaled,0.0007554934627250839,True,0.23977069274654816,0.0023377711758545416,0.032950148165850505,0.032946096577074924,0.03198124355119739,0.03244463302653844,0.031981243551197434,0.01158248249887541,0
24,11,0.2,2,loguniform,23,fixed.1,0.1,False,0.029534568938132444,2.244570606358164,4.361407449774415,1.8666457425788305,1.7277203940249135,1.7767248466733132,1.7277203940249137,,24
24,11,0.2,2,loguniform,23,fixed.1,0.1,True,0.029534568938132444,2.244570606358164,4.361407449774415,2.7816838987758272,2.5054392070669977,2.5918696678452315,2.5054392070669973,7.06931379536789,0
24,11,0.2,2,loguniform,23,fixed.01,0.01,False,0.029534568938132444,0.0892286513560418,0.4361407449774415,0.008965589292448561,0.0013089763421426511,0.0036436470646176167,0.001308976342142651,0.0723831743320249,0
24,11,0.2,2,loguniform,23,fixed.01,0.01,True,0.029534568938132444,0.0892286513560418,0.4361407449774415,0.4351823071002313,0.4220069837670484,0.428625687995066,0.4220069837670484,5.665657858938151,0
24,11,0.2,2,loguniform,23,size_scaled,0.0007554934627250839,False,0.029534568938132444,0.0025204556045299586,0.032950148165850505,0.00038555055032671315,1.7223841212159474e-06,1.8466318650406377e-05,1.7223841212114094e-06,7.738368526966077e-05,0
24,11,0.2,2,loguniform,23,size_scaled,0.0007554934627250839,True,0.029534568938132444,0.0025204556045299586,0.032950148165850505,0.03294609657707495,0.03197952166884742,0.03244385652040402,0.03197952166884741,1.4727561687634354,0
24,19,0.6,0,unit,23,fixed.1,0.1,False,0.0,5.915436952516149,5.9224715934856675,0.26396153451780746,0.07794912560245086,0.10262638098024524,0.07794912560245086,0.04297166020953141,0
24,19,0.6,0,unit,23,fixed.1,0.1,True,0.0,5.915436952516149,5.9224715934856675,5.919301012503127,5.791581411620967,5.853054055694797,5.791581411620967,0.5912779994846378,0
24,19,0.6,0,unit,23,fixed.01,0.01,False,0.0,0.591543695251616,0.5922471593485668,0.026390573296152686,0.007790028941322671,0.010257915778248083,0.007790028941322663,0.0040739747935525416,0
24,19,0.6,0,unit,23,fixed.01,0.01,True,0.0,0.591543695251616,0.5922471593485668,0.5919373668066665,0.5791630247810191,0.5853105386766748,0.579163024781019,0.2180761889019054,0
24,19,0.6,0,unit,23,size_scaled,0.0006152595505346171,False,0.0,0.03639529080620818,0.03643857210662029,0.001623705226454275,0.00047928897050901335,0.0006311280651145612,0.0004792889705089824,0.00024932308752115734,0
24,19,0.6,0,unit,23,size_scaled,0.0006152595505346171,True,0.0,0.03639529080620818,0.03643857210662029,0.03641951182461156,0.03563355823130389,0.03601178989493836,0.03563355823130387,0.018671452134877555,0
24,19,0.6,0,uniform,23,fixed.1,0.1,False,0.7197270995038592,1.5578532023386167,5.9224715934856675,0.1470822133224925,0.02248134621402761,0.03818324296610509,0.022481346214027576,0.015964834108417352,0
24,19,0.6,0,uniform,23,fixed.1,0.1,True,0.7197270995038592,1.5578532023386167,5.9224715934856675,5.917856536953208,5.847049191009391,5.8774652448544895,5.84704919100939,0.6978097179829069,0
24,19,0.6,0,uniform,23,fixed.01,0.01,False,0.7197270995038592,0.06333399583525434,0.5922471593485668,0.00872149461714522,0.00015446121833554514,0.0006173869248438102,0.00015446121833552948,0.00010947132396852317,0
24,19,0.6,0,uniform,23,fixed.01,0.01,True,0.7197270995038592,0.06333399583525434,0.5922471593485668,0.5919373668066665,0.5867985925040062,0.5891804905307234,0.5867985925040063,0.2778810590185053,0
24,19,0.6,0,uniform,23,size_scaled,0.0006152595505346171,False,0.7197270995038592,0.001778377419711319,0.03643857210662029,0.0002689705293306144,1.1822818949700626e-06,1.1694538891937611e-05,1.1822818949310439e-06,9.292741995903242e-07,0
24,19,0.6,0,uniform,23,size_scaled,0.0006152595505346171,True,0.7197270995038592,0.001778377419711319,0.03643857210662029,0.03641951182461156,0.03611166491991796,0.036256934139133445,0.03611166491991794,0.02483988357944768,0
24,19,0.6,0,loguniform,23,fixed.1,0.1,False,0.00486793000563307,3.3117790635886637,5.9224715934856675,2.932643349947673,2.8465758778631436,2.8841302116779097,2.846575877863144,,24
24,19,0.6,0,loguniform,23,fixed.1,0.1,True,0.00486793000563307,3.3117790635886637,5.9224715934856675,3.1843847585618374,3.0229546593602747,3.0853204242990895,3.0229546593602747,11.769984106359885,0
24,19,0.6,0,loguniform,23,fixed.01,0.01,False,0.00486793000563307,0.16180095005425904,0.5922471593485668,0.01594075932934326,0.004026115929512115,0.006275806417728791,0.004026115929512113,0.6384131186291193,0
24,19,0.6,0,loguniform,23,fixed.01,0.01,True,0.00486793000563307,0.16180095005425904,0.5922471593485668,0.5916081027712524,0.5829269377928298,0.5861201265649109,0.5829269377928297,10.596050358140143,0
24,19,0.6,0,loguniform,23,size_scaled,0.0006152595505346171,False,0.00486793000563307,0.0019853795123475626,0.03643857210662029,0.00033509991987251686,6.007083517734423e-06,4.3154367070377675e-05,6.00708351773382e-06,0.0008510630951873802,0
24,19,0.6,0,loguniform,23,size_scaled,0.0006152595505346171,True,0.00486793000563307,0.0019853795123475626,0.03643857210662029,0.03641951182461145,0.036106840118295166,0.036265347757035396,0.03610684011829516,3.738643465629997,0
24,19,0.6,1,unit,23,fixed.1,0.1,False,0.0,5.974171776193227,5.981016997458992,0.27086043314958186,0.07871339096819338,0.10122855866968705,0.07871339096819342,0.04486058153409115,0
24,19,0.6,1,unit,23,fixed.1,0.1,True,0.0,5.974171776193227,5.981016997458992,5.977047100476893,5.852344324313788,5.912249351198991,5.852344324313787,0.6023747817136408,0
24,19,0.6,1,unit,23,fixed.01,0.01,False,0.0,0.5974171776193167,0.5981016997458992,0.0270805020110223,0.007866542297978162,0.010118651734870365,0.00786654229797811,0.004246167430828646,0
24,19,0.6,1,unit,23,fixed.01,0.01,True,0.0,0.5974171776193167,0.5981016997458992,0.5977110685741271,0.5852392292302199,0.5912302689918518,0.5852392292302199,0.22475318316224654,0
24,19,0.6,1,unit,23,size_scaled,0.0006152595505346171,False,0.0,0.03675666241838016,0.03679877829596524,0.0016661537495554768,0.00048399652785158714,0.0006225597118414417,0.0004839965278516008,0.00025981954015179737,0
24,19,0.6,1,unit,23,size_scaled,0.0006152595505346171,True,0.0,0.03675666241838016,0.03679877829596524,0.03677474434004835,0.03600740251314105,0.03637600695623888,0.03600740251314108,0.019356053421463428,0
24,19,0.6,1,uniform,23,fixed.1,0.1,False,0.27912188092307266,2.0604472842377533,5.981016997458992,0.12296861389094627,0.024736839931241324,0.032854509305554114,0.024736839931241334,0.021380880980103614,0
24,19,0.6,1,uniform,23,fixed.1,0.1,True,0.27912188092307266,2.0604472842377533,5.981016997458992,5.972315299744476,5.9063208753507395,5.93146211776916,5.9063208753507395,0.7694874129708008,0
24,19,0.6,1,uniform,23,fixed.01,0.01,False,0.27912188092307266,0.052790207556668634,0.5981016997458992,0.006427334060650658,0.00023099490162654886,0.0008053183674221476,0.00023099490162658645,0.00019234929758582542,0
24,19,0.6,1,uniform,23,fixed.01,0.01,True,0.27912188092307266,0.052790207556668634,0.5981016997458992,0.5977109611635709,0.5928747766265715,0.595111068716826,0.5928747766265715,0.32081760875451437,0
24,19,0.6,1,uniform,23,size_scaled,0.0006152595505346171,False,0.27912188092307266,0.0024411233270118515,0.03679877829596524,0.00010492745131762682,5.625106663009588e-07,5.602432129991897e-06,5.625106662872822e-07,4.210378473553285e-07,0
24,19,0.6,1,uniform,23,size_scaled,0.0006152595505346171,True,0.27912188092307266,0.0024411233270118515,0.03679877829596524,0.03677474434004835,0.03649083653032636,0.036638406353596276,0.03649083653032636,0.02951724109307441,0
24,19,0.6,1,loguniform,23,fixed.1,0.1,False,0.086808525420455,3.588353589677036,5.981016997458992,3.2168363027541282,3.1272210731689514,3.161956144168938,3.1272210731689505,,24
24,19,0.6,1,loguniform,23,fixed.1,0.1,True,0.086808525420455,3.588353589677036,5.981016997458992,2.932210924836263,2.8038366421130294,2.865362770224266,2.80383664211303,13.22882884054041,0
24,19,0.6,1,loguniform,23,fixed.01,0.01,False,0.086808525420455,0.16065694213292953,0.5981016997458992,0.02056143442469642,0.005101416394496409,0.0065278750104775796,0.005101416394496408,1.028311943150982,0
24,19,0.6,1,loguniform,23,fixed.01,0.01,True,0.086808525420455,0.16065694213292953,0.5981016997458992,0.5973820495331126,0.5880043551337018,0.5911908664612164,0.5880043551337016,12.068764190322403,0
24,19,0.6,1,loguniform,23,size_scaled,0.0006152595505346171,False,0.086808525420455,0.002498321821693683,0.03679877829596524,0.0006248432524696007,1.7931876848770667e-05,6.426559064418025e-05,1.7931876848766595e-05,0.0034348931113242407,0
24,19,0.6,1,loguniform,23,size_scaled,0.0006152595505346171,True,0.086808525420455,0.002498321821693683,0.03679877829596524,0.03677474434004831,0.03647346716414387,0.036604103033003585,0.036473467164143875,4.546401838844213,0
24,19,0.6,2,unit,23,fixed.1,0.1,False,1.0,6.012968377776566,6.019681472666501,0.27731649939525016,0.07562316661886077,0.10152253343805095,0.07562316661886077,0.04364573421791507,0
24,19,0.6,2,unit,23,fixed.1,0.1,True,1.0,6.012968377776566,6.019681472666501,6.0158707820980135,5.898447578792544,5.953784758324959,5.8984475787925446,0.6098024981000317,0
24,19,0.6,2,unit,23,fixed.01,0.01,False,1.0,0.6012968377776637,0.60196814726665,0.02772588722239777,0.007557212387283194,0.010146711961452226,0.007557212387283195,0.00413835323975741,0
24,19,0.6,2,unit,23,fixed.01,0.01,True,1.0,0.6012968377776637,0.60196814726665,0.6015934368187281,0.5898498621538573,0.595383981642311,0.5898498621538573,0.22959435330039776,0
24,19,0.6,2,unit,23,size_scaled,0.0006152595505346171,False,1.0,0.036995362214899075,0.03703666517234353,0.0017058616910625712,0.0004649647096694754,0.0006242861440808323,0.00046496470966947423,0.0002532674769886861,0
24,19,0.6,2,unit,23,size_scaled,0.0006152595505346171,True,1.0,0.036995362214899075,0.03703666517234353,0.03701361075416654,0.03629107610716877,0.03663156809407586,0.03629107610716876,0.019875400445751937,0
24,19,0.6,2,uniform,23,fixed.1,0.1,False,0.7589974327944722,1.9094833607580899,6.019681472666501,0.11976366797458349,0.02330245054754224,0.029662225155483002,0.02330245054754224,0.019263548382841108,0
24,19,0.6,2,uniform,23,fixed.1,0.1,True,0.7589974327944722,1.9094833607580899,6.019681472666501,6.013952162120923,5.950768294863863,5.9771302759803175,5.950768294863863,0.7592451679364772,0
24,19,0.6,2,uniform,23,fixed.01,0.01,False,0.7589974327944722,0.07120406010183267,0.60196814726665,0.006750029506099375,0.00023588808435667596,0.0008836243366361352,0.0002358880843566872,0.00018443195569960621,0
24,19,0.6,2,uniform,23,fixed.01,0.01,True,0.7589974327944722,0.07120406010183267,0.60196814726665,0.6015934368187281,0.5971711864567838,0.5994171388721401,0.5971711864567838,0.3155291340628402,0
24,19,0.6,2,uniform,23,size_scaled,0.0006152595505346171,False,0.7589974327944722,0.0018434491792227448,0.03703666517234353,0.00027020422270318534,2.6545073915861557e-06,3.107974515170753e-05,2.65450739155478e-06,1.993339386543077e-06,0
24,19,0.6,2,uniform,23,size_scaled,0.0006152595505346171,True,0.7589974327944722,0.0018434491792227448,0.03703666517234353,0.03701361075416654,0.03675338630944669,0.036890252455654915,0.03675338630944672,0.028958223080247373,0
24,19,0.6,2,loguniform,23,fixed.1,0.1,False,0.017757018221415136,3.764239996992626,6.019681472666501,3.346184678140071,3.2626817768079643,3.303348278829737,3.262681776807965,,24
24,19,0.6,2,loguniform,23,fixed.1,0.1,True,0.017757018221415136,3.764239996992626,6.019681472666501,2.8237291276689427,2.711388968603441,2.7388649038260637,2.7113889686034405,12.596833508042394,0
24,19,0.6,2,loguniform,23,fixed.01,0.01,False,0.017757018221415136,0.13807188392265496,0.60196814726665,0.017392546285474597,0.0040022888336368615,0.006673775936361467,0.004002288833636861,0.7084935854080702,0
24,19,0.6,2,loguniform,23,fixed.01,0.01,True,0.017757018221415136,0.13807188392265496,0.60196814726665,0.600649233535065,0.5934047857075035,0.595688865520081,0.5934047857075037,11.46641678781175,0
24,19,0.6,2,loguniform,23,size_scaled,0.0006152595505346171,False,0.017757018221415136,0.002165025476790927,0.03703666517234353,0.0003881361666388805,1.2563251994220471e-05,4.460836074773877e-05,1.256325199421674e-05,0.0020980938061311663,0
24,19,0.6,2,loguniform,23,size_scaled,0.0006152595505346171,True,0.017757018221415136,0.002165025476790927,0.03703666517234353,0.037013142845266106,0.03674347756484404,0.0368758275817382,0.036743477564844036,4.208035828663877,0
